Paper #,Study Title (O),dir,Experiment #,Effect #,Description of effect (O),Replicate (R),n_internal_reps,frac_internal_reps_positive
1,A coding-independent function of gene and pseudogene mRNAs regulates tumour biology,Paper 1 - A codingindependent function of gene and pseudogene mRNAs regulates tumour biology,2,1,DU145 cell proliferation between siLuc and siPTEN,no,1,0.0
1,A coding-independent function of gene and pseudogene mRNAs regulates tumour biology,Paper 1 - A codingindependent function of gene and pseudogene mRNAs regulates tumour biology,2,2,DU145 cell proliferation between siLuc and siPTENP1,yes,1,1.0
1,A coding-independent function of gene and pseudogene mRNAs regulates tumour biology,Paper 1 - A codingindependent function of gene and pseudogene mRNAs regulates tumour biology,2,3,DU145 cell proliferation between siLuc and siPTEN+siPTENP1,yes,1,1.0
1,A coding-independent function of gene and pseudogene mRNAs regulates tumour biology,Paper 1 - A codingindependent function of gene and pseudogene mRNAs regulates tumour biology,2,4,DU145 cell proliferation between siPTEN+siPTENP1 and siPTEN,yes,1,1.0
1,A coding-independent function of gene and pseudogene mRNAs regulates tumour biology,Paper 1 - A codingindependent function of gene and pseudogene mRNAs regulates tumour biology,2,5,DU145 cell proliferation between siPTEN+siPTENP1 and siPTENP1,no,1,0.0
1,A coding-independent function of gene and pseudogene mRNAs regulates tumour biology,Paper 1 - A codingindependent function of gene and pseudogene mRNAs regulates tumour biology,3,1,PTEN mRNA expression between siLuc and siPTEN,yes,1,1.0
1,A coding-independent function of gene and pseudogene mRNAs regulates tumour biology,Paper 1 - A codingindependent function of gene and pseudogene mRNAs regulates tumour biology,3,2,PTEN mRNA expression between siLuc and siPTENP1,no,1,0.0
1,A coding-independent function of gene and pseudogene mRNAs regulates tumour biology,Paper 1 - A codingindependent function of gene and pseudogene mRNAs regulates tumour biology,3,3,PTEN mRNA expression between siLuc and siPTEN+siPTENP1,yes,1,1.0
1,A coding-independent function of gene and pseudogene mRNAs regulates tumour biology,Paper 1 - A codingindependent function of gene and pseudogene mRNAs regulates tumour biology,3,4,PTENP1 mRNA expression between siLuc and siPTEN,no,1,0.0
1,A coding-independent function of gene and pseudogene mRNAs regulates tumour biology,Paper 1 - A codingindependent function of gene and pseudogene mRNAs regulates tumour biology,3,5,PTENP1 mRNA expression between siLuc and siPTENP1,yes,1,1.0
1,A coding-independent function of gene and pseudogene mRNAs regulates tumour biology,Paper 1 - A codingindependent function of gene and pseudogene mRNAs regulates tumour biology,3,6,PTENP1 mRNA expression between siLuc and siPTEN+siPTENP1,yes,1,1.0
1,A coding-independent function of gene and pseudogene mRNAs regulates tumour biology,Paper 1 - A codingindependent function of gene and pseudogene mRNAs regulates tumour biology,4,1,PTEN protein expression between siLuc and siPTEN,yes,1,1.0
1,A coding-independent function of gene and pseudogene mRNAs regulates tumour biology,Paper 1 - A codingindependent function of gene and pseudogene mRNAs regulates tumour biology,4,2,PTEN protein expression between siLuc and siPTENP1,no,1,0.0
1,A coding-independent function of gene and pseudogene mRNAs regulates tumour biology,Paper 1 - A codingindependent function of gene and pseudogene mRNAs regulates tumour biology,4,3,PTEN protein expression between siLuc and siPTEN+siPTENP1,yes,1,1.0
1,A coding-independent function of gene and pseudogene mRNAs regulates tumour biology,Paper 1 - A codingindependent function of gene and pseudogene mRNAs regulates tumour biology,4,4,PTEN protein expression between siPTEN+siPTENP1 and siPTEN,no,1,0.0
1,A coding-independent function of gene and pseudogene mRNAs regulates tumour biology,Paper 1 - A codingindependent function of gene and pseudogene mRNAs regulates tumour biology,4,5,PTEN protein expression between siPTEN+siPTENP1 and siPTENP1,yes,1,1.0
1,A coding-independent function of gene and pseudogene mRNAs regulates tumour biology,Paper 1 - A codingindependent function of gene and pseudogene mRNAs regulates tumour biology,5,1,PTENP1 mRNA expression between pCMV and PTEN 3'UTR,no,1,0.0
1,A coding-independent function of gene and pseudogene mRNAs regulates tumour biology,Paper 1 - A codingindependent function of gene and pseudogene mRNAs regulates tumour biology,6,1,DU145 cell proliferation between pCMV and PTEN 3'UTR,yes,1,1.0
5,Tumour vascularization via endothelial differentiation of glioblastoma stem-like cells,Paper 5 - Tumour vascularization via endothelial differentiation of glioblastoma stemlike cells,1,1,Tie2 expression in GSC83 vs HMVEC cells,yes,1,1.0
5,Tumour vascularization via endothelial differentiation of glioblastoma stem-like cells,Paper 5 - Tumour vascularization via endothelial differentiation of glioblastoma stemlike cells,1,2,Tie2 expression in U87MG vs HMVEC cells,yes,1,1.0
5,Tumour vascularization via endothelial differentiation of glioblastoma stem-like cells,Paper 5 - Tumour vascularization via endothelial differentiation of glioblastoma stemlike cells,1,3,Tie2 expression in GSC83 vs U87MG cells,no,1,0.0
6,Diverse somatic mutation patterns and pathway alterations in human cancers,Paper 6 - Diverse somatic mutation patterns and pathway alterations in human cancers,1,1,Colony number of GNAO1-WT HMEC cells vs GNAO1-R243H HMEC cells,yes,1,1.0
7,Kinase-dead BRAF and oncogenic RAS cooperate to drive tumor progression through CRAF,Paper 7 - Kinasedead BRAF and oncogenic RAS cooperate to drive tumor progression through CRAF,1,1,"pERK levels in A375 cells treated with vehicle vs all three drug treatments (PD184352, sorafenib, and SB590885)",yes,1,1.0
7,Kinase-dead BRAF and oncogenic RAS cooperate to drive tumor progression through CRAF,Paper 7 - Kinasedead BRAF and oncogenic RAS cooperate to drive tumor progression through CRAF,1,2,pERK levels in D04 cells treated with vehicle vs PD184352 and sorafenib,yes,1,1.0
7,Kinase-dead BRAF and oncogenic RAS cooperate to drive tumor progression through CRAF,Paper 7 - Kinasedead BRAF and oncogenic RAS cooperate to drive tumor progression through CRAF,1,3,pERK levels in D04 cells treated with vehicle vs SB590885,no,1,0.0
8,RAF inhibitors prime wild-type RAF to activate the MAPK pathway and enhance growth,Paper 8 - RAF inhibitors prime wildtype RAF to activate the MAPK pathway and enhance growth,1,1,IC50 values of PLX4720 A375 cells vs PLX4720 HCT116 and MeWo cells,yes,1,1.0
8,RAF inhibitors prime wild-type RAF to activate the MAPK pathway and enhance growth,Paper 8 - RAF inhibitors prime wildtype RAF to activate the MAPK pathway and enhance growth,1,2,IC50 values of GDC-0879 A375 cells vs GDC-0879 HCT116 and MeWo cells,yes,1,1.0
8,RAF inhibitors prime wild-type RAF to activate the MAPK pathway and enhance growth,Paper 8 - RAF inhibitors prime wildtype RAF to activate the MAPK pathway and enhance growth,1,3,IC50 values of PD0325901 A375 cells vs PLX4720 and GDC-0879 A375 cells,no,1,0.0
8,RAF inhibitors prime wild-type RAF to activate the MAPK pathway and enhance growth,Paper 8 - RAF inhibitors prime wildtype RAF to activate the MAPK pathway and enhance growth,1,4,IC50 values of PD0325901 HCT116 cells vs PLX4720 and GDC-0879 HCT116 cells,yes,1,1.0
8,RAF inhibitors prime wild-type RAF to activate the MAPK pathway and enhance growth,Paper 8 - RAF inhibitors prime wildtype RAF to activate the MAPK pathway and enhance growth,1,5,IC50 values of PD0325901 MeWo cells vs PLX4720 and GDC-0879 MeWo cells,yes,1,1.0
8,RAF inhibitors prime wild-type RAF to activate the MAPK pathway and enhance growth,Paper 8 - RAF inhibitors prime wildtype RAF to activate the MAPK pathway and enhance growth,2,1,pMEK/MEK levels between -shBRAF and +shBRAF cells treated with PLX4720,no,1,0.0
8,RAF inhibitors prime wild-type RAF to activate the MAPK pathway and enhance growth,Paper 8 - RAF inhibitors prime wildtype RAF to activate the MAPK pathway and enhance growth,2,2,pMEK/MEK levels between -shCRAF and +shCRAF cells treated with PLX4720,yes,1,1.0
8,RAF inhibitors prime wild-type RAF to activate the MAPK pathway and enhance growth,Paper 8 - RAF inhibitors prime wildtype RAF to activate the MAPK pathway and enhance growth,2,3,pMEK/MEK levels between -shBRAF and +shBRAF cells treated with GDC-0879,yes,1,1.0
8,RAF inhibitors prime wild-type RAF to activate the MAPK pathway and enhance growth,Paper 8 - RAF inhibitors prime wildtype RAF to activate the MAPK pathway and enhance growth,2,4,pMEK/MEK levels between -shCRAF and +shCRAF cells treated with GDC-0879,no,1,0.0
9,Wnt activity defines colon cancer stem cells and is regulated by the microenvironment,Paper 9 - Wnt activity defines colon cancer stem cells and is regulated by the microenvironment,1,1,CD133 expression between TOP-GFPlow vs TOP-GFPhigh (450 culture),yes,3,1.0
9,Wnt activity defines colon cancer stem cells and is regulated by the microenvironment,Paper 9 - Wnt activity defines colon cancer stem cells and is regulated by the microenvironment,1,2,CD24 expression between TOP-GFPlow vs TOP-GFPhigh (450 culture),yes,3,0.6666666666666666
9,Wnt activity defines colon cancer stem cells and is regulated by the microenvironment,Paper 9 - Wnt activity defines colon cancer stem cells and is regulated by the microenvironment,1,3,CD29 expression between TOP-GFPlow vs TOP-GFPhigh (450 culture),yes,3,1.0
9,Wnt activity defines colon cancer stem cells and is regulated by the microenvironment,Paper 9 - Wnt activity defines colon cancer stem cells and is regulated by the microenvironment,1,4,CD44 expression between TOP-GFPlow vs TOP-GFPhigh (450 culture),no,3,0.0
9,Wnt activity defines colon cancer stem cells and is regulated by the microenvironment,Paper 9 - Wnt activity defines colon cancer stem cells and is regulated by the microenvironment,1,5,CD166 expression between TOP-GFPlow vs TOP-GFPhigh (450 culture),yes,3,0.6666666666666666
9,Wnt activity defines colon cancer stem cells and is regulated by the microenvironment,Paper 9 - Wnt activity defines colon cancer stem cells and is regulated by the microenvironment,2,1,Clonogenic frequency between TOP-GFPlow vs TOP-GFPhigh (450 culture),yes,3,1.0
9,Wnt activity defines colon cancer stem cells and is regulated by the microenvironment,Paper 9 - Wnt activity defines colon cancer stem cells and is regulated by the microenvironment,2,2,Clonogenic frequency between TOP-GFPlow vs TOP-GFPlow + HGF (450 culture),no,3,0.3333333333333333
9,Wnt activity defines colon cancer stem cells and is regulated by the microenvironment,Paper 9 - Wnt activity defines colon cancer stem cells and is regulated by the microenvironment,2,3,Clonogenic frequency between TOP-GFPlow vs TOP-GFPlow + MFCM (450 culture),yes,3,0.6666666666666666
9,Wnt activity defines colon cancer stem cells and is regulated by the microenvironment,Paper 9 - Wnt activity defines colon cancer stem cells and is regulated by the microenvironment,2,4,Clonogenic frequency between TOP-GFPlow + HGF vs TOP-GFPlow + HGF + PHA (450 culture),yes,3,0.6666666666666666
9,Wnt activity defines colon cancer stem cells and is regulated by the microenvironment,Paper 9 - Wnt activity defines colon cancer stem cells and is regulated by the microenvironment,2,5,Clonogenic frequency between TOP-GFPlow + MFCM vs TOP-GFPlow + MFCM + PHA (450 culture),yes,3,1.0
9,Wnt activity defines colon cancer stem cells and is regulated by the microenvironment,Paper 9 - Wnt activity defines colon cancer stem cells and is regulated by the microenvironment,2,6,Clonogenic frequency between TOP-GFPwhole vs TOP-GFPwhole + PHA (450 culture),no,3,0.3333333333333333
9,Wnt activity defines colon cancer stem cells and is regulated by the microenvironment,Paper 9 - Wnt activity defines colon cancer stem cells and is regulated by the microenvironment,3,1,Tumorigenicity frequency between TOP-GFPlow vs TOP-GFPhigh (450 culture),no,1,0.0
9,Wnt activity defines colon cancer stem cells and is regulated by the microenvironment,Paper 9 - Wnt activity defines colon cancer stem cells and is regulated by the microenvironment,3,2,Tumorigenicity frequency between TOP-GFPlow vs TOP-GFPlow + MFCM (450 culture),no,1,0.0
12,COT drives resistance to RAF inhibition through MAP kinase pathway reactivation,Paper 12 - COT drives resistance to RAF inhibition through MAP kinase pathway reactivation,2,1,IC50 values of A375 cells vs HT29/OUMS-23 cells,yes,1,1.0
12,COT drives resistance to RAF inhibition through MAP kinase pathway reactivation,Paper 12 - COT drives resistance to RAF inhibition through MAP kinase pathway reactivation,2,2,IC50 values of A375 cells vs RPMI-7951 cells,yes,1,1.0
12,COT drives resistance to RAF inhibition through MAP kinase pathway reactivation,Paper 12 - COT drives resistance to RAF inhibition through MAP kinase pathway reactivation,3,1,pMEK levels in RPMI-7951 cells treated with MAP3K8 inhibitor (20 uM) compared to DMSO (mu=1),no,1,0.0
12,COT drives resistance to RAF inhibition through MAP kinase pathway reactivation,Paper 12 - COT drives resistance to RAF inhibition through MAP kinase pathway reactivation,3,2,pERK levels in RPMI-7951 cells treated with MAP3K8 inhibitor (20 uM) compared to DMSO (mu=1),no,1,0.0
15,Coadministration of a Tumor-Penetrating Peptide Enhances the Efficacy of Cancer Drugs,Paper 15 - Coadministration of a TumorPenetrating Peptide Enhances the Efficacy of Cancer Drugs,1,1,DOX accumulation in prostate tumor tissue of DOX+PBS vs DOX+iRGD,no,1,0.0
15,Coadministration of a Tumor-Penetrating Peptide Enhances the Efficacy of Cancer Drugs,Paper 15 - Coadministration of a TumorPenetrating Peptide Enhances the Efficacy of Cancer Drugs,2,1,Tumor weight of DOX+PBS vs DOX+iRGD,no,1,0.0
15,Coadministration of a Tumor-Penetrating Peptide Enhances the Efficacy of Cancer Drugs,Paper 15 - Coadministration of a TumorPenetrating Peptide Enhances the Efficacy of Cancer Drugs,2,2,"Percent body weight shift of PBS, DOX+PBS, DOX+iRGD",no,1,0.0
15,Coadministration of a Tumor-Penetrating Peptide Enhances the Efficacy of Cancer Drugs,Paper 15 - Coadministration of a TumorPenetrating Peptide Enhances the Efficacy of Cancer Drugs,3,1,Prostate tumor apoptotic index of DOX+PBS vs DOX+iRGD,no,1,0.0
16,The common feature of leukemia-associated IDH1 and IDH2 mutations is a neomorphic enzyme activity converting alpha-ketoglutarate to 2-hydroxyglutarate,Paper 16 - The common feature of leukemiaassociated IDH1 and IDH2 mutations is a neomorphic enzyme activity converting alphaketoglutarate to 2hydroxyglutarate,1,1,Linear regression slopes of isocitrate-dependent NADPH production assay of wild-type IDH2 vs vector control,yes,1,1.0
16,The common feature of leukemia-associated IDH1 and IDH2 mutations is a neomorphic enzyme activity converting alpha-ketoglutarate to 2-hydroxyglutarate,Paper 16 - The common feature of leukemiaassociated IDH1 and IDH2 mutations is a neomorphic enzyme activity converting alphaketoglutarate to 2hydroxyglutarate,1,2,Linear regression slopes of isocitrate-dependent NADPH production assay of R172K mutant IDH2 vs vector control,no,1,0.0
16,The common feature of leukemia-associated IDH1 and IDH2 mutations is a neomorphic enzyme activity converting alpha-ketoglutarate to 2-hydroxyglutarate,Paper 16 - The common feature of leukemiaassociated IDH1 and IDH2 mutations is a neomorphic enzyme activity converting alphaketoglutarate to 2hydroxyglutarate,1,3,Linear regression slopes of alpha-ketoglutarate-dependent NADPH consumption assay of wild-type IDH2 vs vector control,no,1,0.0
16,The common feature of leukemia-associated IDH1 and IDH2 mutations is a neomorphic enzyme activity converting alpha-ketoglutarate to 2-hydroxyglutarate,Paper 16 - The common feature of leukemiaassociated IDH1 and IDH2 mutations is a neomorphic enzyme activity converting alphaketoglutarate to 2hydroxyglutarate,1,4,Linear regression slopes of alpha-ketoglutarate-dependent NADPH consumption assay of R172K mutant IDH2 vs vector control,yes,1,1.0
16,The common feature of leukemia-associated IDH1 and IDH2 mutations is a neomorphic enzyme activity converting alpha-ketoglutarate to 2-hydroxyglutarate,Paper 16 - The common feature of leukemiaassociated IDH1 and IDH2 mutations is a neomorphic enzyme activity converting alphaketoglutarate to 2hydroxyglutarate,2,1,2HG levels of R172K mutant IDH2 vs largest value observed in control/WT IDH2 cells,yes,1,1.0
16,The common feature of leukemia-associated IDH1 and IDH2 mutations is a neomorphic enzyme activity converting alpha-ketoglutarate to 2-hydroxyglutarate,Paper 16 - The common feature of leukemiaassociated IDH1 and IDH2 mutations is a neomorphic enzyme activity converting alphaketoglutarate to 2hydroxyglutarate,3,1,2HG levels of R132C mutant IDH1 vs largest value observed in WT IDH,yes,1,1.0
16,The common feature of leukemia-associated IDH1 and IDH2 mutations is a neomorphic enzyme activity converting alpha-ketoglutarate to 2-hydroxyglutarate,Paper 16 - The common feature of leukemiaassociated IDH1 and IDH2 mutations is a neomorphic enzyme activity converting alphaketoglutarate to 2hydroxyglutarate,3,2,2HG levels of R172K mutant IDH2 vs largest value observed in WT IDH,yes,1,1.0
16,The common feature of leukemia-associated IDH1 and IDH2 mutations is a neomorphic enzyme activity converting alpha-ketoglutarate to 2-hydroxyglutarate,Paper 16 - The common feature of leukemiaassociated IDH1 and IDH2 mutations is a neomorphic enzyme activity converting alphaketoglutarate to 2hydroxyglutarate,3,3,2HG levels of R132C mutant IDH1 or R172K mutant IDH2 vs largest value observed in WT IDH,yes,1,1.0
19,BET bromodomain inhibition as a therapeutic strategy to target c-Myc,Paper 19 - BET bromodomain inhibition as a therapeutic strategy to target cMyc,1,1,Relative MYC expression of MM.1S cells harvested 1 hr after (+)-JQ1 treatment vs cells 0 hr after (+)-JQ1 treatment,yes,1,1.0
19,BET bromodomain inhibition as a therapeutic strategy to target c-Myc,Paper 19 - BET bromodomain inhibition as a therapeutic strategy to target cMyc,1,2,Relative MYC expression of MM.1S cells harvested 8 hr after (+)-JQ1 treatment vs cells 0 hr after (+)-JQ1 treatment,yes,1,1.0
19,BET bromodomain inhibition as a therapeutic strategy to target c-Myc,Paper 19 - BET bromodomain inhibition as a therapeutic strategy to target cMyc,2,1,Overall survival of (+)-JQ1 vs vehicle control,yes,1,1.0
19,BET bromodomain inhibition as a therapeutic strategy to target c-Myc,Paper 19 - BET bromodomain inhibition as a therapeutic strategy to target cMyc,2,2,Bioluminescence (tumor burden) of (+)-JQ1 vs vehicle control,no,1,0.0
20,Biomechanical remodeling of the microenvironment by stromal caveolin-1 favors tumor invasion and metastasis,Paper 20 - Biomechanical remodeling of the microenvironment by stromal caveolin1 favors tumor invasion and metastasis,1,1,Primary tumor growth between LM-4175 with or without Cav1 WT or Cav1 KO pMEFs,no,1,0.0
20,Biomechanical remodeling of the microenvironment by stromal caveolin-1 favors tumor invasion and metastasis,Paper 20 - Biomechanical remodeling of the microenvironment by stromal caveolin1 favors tumor invasion and metastasis,1,2,Total metastatic foci per mouse of LM-4175 vs LM-4175 + Cav1 WT,no,1,0.0
20,Biomechanical remodeling of the microenvironment by stromal caveolin-1 favors tumor invasion and metastasis,Paper 20 - Biomechanical remodeling of the microenvironment by stromal caveolin1 favors tumor invasion and metastasis,1,3,Total metastatic foci per mouse of LM-4175 vs LM-4175 + Cav1 KO,no,1,0.0
20,Biomechanical remodeling of the microenvironment by stromal caveolin-1 favors tumor invasion and metastasis,Paper 20 - Biomechanical remodeling of the microenvironment by stromal caveolin1 favors tumor invasion and metastasis,1,4,Total metastatic foci per mouse of LM-4175 + Cav1 WT vs LM-4175 + Cav1 KO,no,1,0.0
20,Biomechanical remodeling of the microenvironment by stromal caveolin-1 favors tumor invasion and metastasis,Paper 20 - Biomechanical remodeling of the microenvironment by stromal caveolin1 favors tumor invasion and metastasis,2,1,Percent of fibronectin fibers within +/- 20 degrees from LM-4175 vs LM-4175 + Cav1 WT,no,1,0.0
20,Biomechanical remodeling of the microenvironment by stromal caveolin-1 favors tumor invasion and metastasis,Paper 20 - Biomechanical remodeling of the microenvironment by stromal caveolin1 favors tumor invasion and metastasis,2,2,Percent of fibronectin fibers within +/- 20 degrees from LM-4175 + Cav1 WT vs LM-4175 + Cav1 KO,no,1,0.0
20,Biomechanical remodeling of the microenvironment by stromal caveolin-1 favors tumor invasion and metastasis,Paper 20 - Biomechanical remodeling of the microenvironment by stromal caveolin1 favors tumor invasion and metastasis,2,3,Correlation of percent of fibronectin fibers within +/- 20 degrees and number of metastasis,no,1,0.0
21,Discovery and Preclinical Validation of Drug Indications Using Compendia of Public Gene Expression Data,Paper 21 - Discovery and Preclinical Validation of Drug Indications Using Compendia of Public Gene Expression Data,1,1,Relative tumor volume of A549 xenografts treated with cimetidine vs vehicle,yes,1,1.0
21,Discovery and Preclinical Validation of Drug Indications Using Compendia of Public Gene Expression Data,Paper 21 - Discovery and Preclinical Validation of Drug Indications Using Compendia of Public Gene Expression Data,1,2,Relative tumor volume of A549 xenografts treated with DOX vs vehicle,yes,1,1.0
21,Discovery and Preclinical Validation of Drug Indications Using Compendia of Public Gene Expression Data,Paper 21 - Discovery and Preclinical Validation of Drug Indications Using Compendia of Public Gene Expression Data,1,3,Relative tumor volume of ACHN xenografts treated with cimetidine vs vehicle,no,1,0.0
24,Coding-independent regulation of the tumor suppressor PTEN by competing endogenous mRNAs,Paper 24 - Codingindependent regulation of the tumor suppressor PTEN by competing endogenous mRNAs,1,1,PTEN-3'UTR luciferase reporter activity of siNC vs siSERINC1,no,1,0.0
24,Coding-independent regulation of the tumor suppressor PTEN by competing endogenous mRNAs,Paper 24 - Codingindependent regulation of the tumor suppressor PTEN by competing endogenous mRNAs,1,2,PTEN-3'UTR luciferase reporter activity of siNC vs siZNF460,no,1,0.0
24,Coding-independent regulation of the tumor suppressor PTEN by competing endogenous mRNAs,Paper 24 - Codingindependent regulation of the tumor suppressor PTEN by competing endogenous mRNAs,1,3,PTEN-3'UTR luciferase reporter activity of siNC vs siVAPA,no,1,0.0
24,Coding-independent regulation of the tumor suppressor PTEN by competing endogenous mRNAs,Paper 24 - Codingindependent regulation of the tumor suppressor PTEN by competing endogenous mRNAs,1,4,PTEN-3'UTR luciferase reporter activity of siNC vs siCNOT6L,no,1,0.0
24,Coding-independent regulation of the tumor suppressor PTEN by competing endogenous mRNAs,Paper 24 - Codingindependent regulation of the tumor suppressor PTEN by competing endogenous mRNAs,1,5,PTEN-3'UTR luciferase reporter activity of siNC vs siPTEN,yes,1,1.0
24,Coding-independent regulation of the tumor suppressor PTEN by competing endogenous mRNAs,Paper 24 - Codingindependent regulation of the tumor suppressor PTEN by competing endogenous mRNAs,2,1,PTEN-3'UTR luciferase reporter activity of EV vs SERINC1-3'UTR,no,1,0.0
24,Coding-independent regulation of the tumor suppressor PTEN by competing endogenous mRNAs,Paper 24 - Codingindependent regulation of the tumor suppressor PTEN by competing endogenous mRNAs,2,2,PTEN-3'UTR luciferase reporter activity of EV vs VAPA-3'UTR1,no,1,0.0
24,Coding-independent regulation of the tumor suppressor PTEN by competing endogenous mRNAs,Paper 24 - Codingindependent regulation of the tumor suppressor PTEN by competing endogenous mRNAs,2,3,PTEN-3'UTR luciferase reporter activity of EV vs VAPA-3'UTR2,no,1,0.0
24,Coding-independent regulation of the tumor suppressor PTEN by competing endogenous mRNAs,Paper 24 - Codingindependent regulation of the tumor suppressor PTEN by competing endogenous mRNAs,2,4,PTEN-3'UTR luciferase reporter activity of EV vs CNOT6L-3'UTR1,no,1,0.0
24,Coding-independent regulation of the tumor suppressor PTEN by competing endogenous mRNAs,Paper 24 - Codingindependent regulation of the tumor suppressor PTEN by competing endogenous mRNAs,2,5,PTEN-3'UTR luciferase reporter activity of EV vs CNOT6L-3'UTR2,no,1,0.0
24,Coding-independent regulation of the tumor suppressor PTEN by competing endogenous mRNAs,Paper 24 - Codingindependent regulation of the tumor suppressor PTEN by competing endogenous mRNAs,2,6,PTEN-3'UTR luciferase reporter activity of EV vs PTEN-3'UTR,no,1,0.0
24,Coding-independent regulation of the tumor suppressor PTEN by competing endogenous mRNAs,Paper 24 - Codingindependent regulation of the tumor suppressor PTEN by competing endogenous mRNAs,3,1,PTEN expression of siNC vs siSERINC1 in wild-type HCT116 cells,no,1,0.0
24,Coding-independent regulation of the tumor suppressor PTEN by competing endogenous mRNAs,Paper 24 - Codingindependent regulation of the tumor suppressor PTEN by competing endogenous mRNAs,3,2,PTEN expression of siNC vs siVAPA in wild-type HCT116 cells,yes,1,1.0
24,Coding-independent regulation of the tumor suppressor PTEN by competing endogenous mRNAs,Paper 24 - Codingindependent regulation of the tumor suppressor PTEN by competing endogenous mRNAs,3,3,PTEN expression of siNC vs siCNOT6L in wild-type HCT116 cells,no,1,0.0
24,Coding-independent regulation of the tumor suppressor PTEN by competing endogenous mRNAs,Paper 24 - Codingindependent regulation of the tumor suppressor PTEN by competing endogenous mRNAs,3,4,PTEN expression of siNC vs siPTEN in wild-type HCT116 cells,yes,1,1.0
24,Coding-independent regulation of the tumor suppressor PTEN by competing endogenous mRNAs,Paper 24 - Codingindependent regulation of the tumor suppressor PTEN by competing endogenous mRNAs,3,5,PTEN expression of siNC vs siSERINC1 in Dicer-Ex5 HCT116 cells,yes,1,1.0
24,Coding-independent regulation of the tumor suppressor PTEN by competing endogenous mRNAs,Paper 24 - Codingindependent regulation of the tumor suppressor PTEN by competing endogenous mRNAs,3,6,PTEN expression of siNC vs siVAPA in Dicer-Ex5 HCT116 cells,no,1,0.0
24,Coding-independent regulation of the tumor suppressor PTEN by competing endogenous mRNAs,Paper 24 - Codingindependent regulation of the tumor suppressor PTEN by competing endogenous mRNAs,3,7,PTEN expression of siNC vs siCNOT6L in Dicer-Ex5 HCT116 cells,yes,1,1.0
24,Coding-independent regulation of the tumor suppressor PTEN by competing endogenous mRNAs,Paper 24 - Codingindependent regulation of the tumor suppressor PTEN by competing endogenous mRNAs,3,8,PTEN expression of siNC vs siPTEN in Dicer-Ex5 HCT116 cells,yes,1,1.0
24,Coding-independent regulation of the tumor suppressor PTEN by competing endogenous mRNAs,Paper 24 - Codingindependent regulation of the tumor suppressor PTEN by competing endogenous mRNAs,4,1,cell proliferation of siNC vs siVAPA in wild-type HCT116 cells,yes,1,1.0
24,Coding-independent regulation of the tumor suppressor PTEN by competing endogenous mRNAs,Paper 24 - Codingindependent regulation of the tumor suppressor PTEN by competing endogenous mRNAs,4,2,cell proliferation of siNC vs siCNOT6L in wild-type HCT116 cells,no,1,0.0
24,Coding-independent regulation of the tumor suppressor PTEN by competing endogenous mRNAs,Paper 24 - Codingindependent regulation of the tumor suppressor PTEN by competing endogenous mRNAs,4,3,cell proliferation of siNC vs siPTEN in wild-type HCT116 cells,yes,1,1.0
24,Coding-independent regulation of the tumor suppressor PTEN by competing endogenous mRNAs,Paper 24 - Codingindependent regulation of the tumor suppressor PTEN by competing endogenous mRNAs,4,4,cell proliferation of siPTEN vs siVAPA in Dicer-Ex5 HCT116 cells,no,1,0.0
24,Coding-independent regulation of the tumor suppressor PTEN by competing endogenous mRNAs,Paper 24 - Codingindependent regulation of the tumor suppressor PTEN by competing endogenous mRNAs,4,5,cell proliferation of siPTEN vs siCNOT6L in Dicer-Ex5 HCT116 cells,yes,1,1.0
24,Coding-independent regulation of the tumor suppressor PTEN by competing endogenous mRNAs,Paper 24 - Codingindependent regulation of the tumor suppressor PTEN by competing endogenous mRNAs,4,6,cell proliferation of siNC vs siPTEN in Dicer-Ex5 HCT116 cells,yes,1,1.0
24,Coding-independent regulation of the tumor suppressor PTEN by competing endogenous mRNAs,Paper 24 - Codingindependent regulation of the tumor suppressor PTEN by competing endogenous mRNAs,4,7,cell proliferation of siNC vs siVAPA in DU145 cells,no,1,0.0
24,Coding-independent regulation of the tumor suppressor PTEN by competing endogenous mRNAs,Paper 24 - Codingindependent regulation of the tumor suppressor PTEN by competing endogenous mRNAs,4,8,cell proliferation of siNC vs siCNOT6L in DU145 cells,no,1,0.0
24,Coding-independent regulation of the tumor suppressor PTEN by competing endogenous mRNAs,Paper 24 - Codingindependent regulation of the tumor suppressor PTEN by competing endogenous mRNAs,4,9,cell proliferation of siNC vs siPTEN in DU145 cells,yes,1,1.0
28,The microRNA miR-34a inhibits prostate cancer stem cells and metastasis by directly repressing CD44,Paper 28 - The microRNA miR34a inhibits prostate cancer stem cells and metastasis by directly repressing CD44,1,1,let-7b expression in CD44+ cells relative to CD44- cells,yes,1,1.0
28,The microRNA miR-34a inhibits prostate cancer stem cells and metastasis by directly repressing CD44,Paper 28 - The microRNA miR34a inhibits prostate cancer stem cells and metastasis by directly repressing CD44,1,2,miR-34a expression in CD44+ cells relative to CD44- cells,no,1,0.0
28,The microRNA miR-34a inhibits prostate cancer stem cells and metastasis by directly repressing CD44,Paper 28 - The microRNA miR34a inhibits prostate cancer stem cells and metastasis by directly repressing CD44,2,1,Tumor weights of LAPC4 cells expressing miR-34a vs negative control,no,1,0.0
28,The microRNA miR-34a inhibits prostate cancer stem cells and metastasis by directly repressing CD44,Paper 28 - The microRNA miR34a inhibits prostate cancer stem cells and metastasis by directly repressing CD44,2,2,miR-34a expression in tumors expression miR-34a vs negative control.,no,1,0.0
28,The microRNA miR-34a inhibits prostate cancer stem cells and metastasis by directly repressing CD44,Paper 28 - The microRNA miR34a inhibits prostate cancer stem cells and metastasis by directly repressing CD44,2,3,CD44 expression in tumors,no,1,0.0
28,The microRNA miR-34a inhibits prostate cancer stem cells and metastasis by directly repressing CD44,Paper 28 - The microRNA miR34a inhibits prostate cancer stem cells and metastasis by directly repressing CD44,3,1,Luciferase values of miR-34a expression with wild-type reporter vs M1M2 reporter,no,1,0.0
28,The microRNA miR-34a inhibits prostate cancer stem cells and metastasis by directly repressing CD44,Paper 28 - The microRNA miR34a inhibits prostate cancer stem cells and metastasis by directly repressing CD44,3,2,Luciferase values of miR-34a expression with wild-type reporter vs control expression with wild-type reporter,no,1,0.0
28,The microRNA miR-34a inhibits prostate cancer stem cells and metastasis by directly repressing CD44,Paper 28 - The microRNA miR34a inhibits prostate cancer stem cells and metastasis by directly repressing CD44,3,3,Luciferase values of miR-34a expression with M1M2 reporter vs control expression with M1M2 reporter,no,1,0.0
29,Inhibition of BET recruitment to chromatin as an effective treatment for MLL-fusion leukaemia,Paper 29 - Inhibition of BET recruitment to chromatin as an effective treatment for MLLfusion leukaemia,1,1,IC50 values of MV4;11 cells vs largest dose (100 µM) tested in K-562 cells,yes,1,1.0
29,Inhibition of BET recruitment to chromatin as an effective treatment for MLL-fusion leukaemia,Paper 29 - Inhibition of BET recruitment to chromatin as an effective treatment for MLLfusion leukaemia,2,1,Relative BCL2 expression of MV4;11 cells treated with I-BET151 vs constant of 1 (DMSO treated cells),yes,1,1.0
29,Inhibition of BET recruitment to chromatin as an effective treatment for MLL-fusion leukaemia,Paper 29 - Inhibition of BET recruitment to chromatin as an effective treatment for MLLfusion leukaemia,2,2,Relative BCL2 expression of K-562 cells treated with I-BET151 vs constant of 1 (DMSO treated cells),no,1,0.0
29,Inhibition of BET recruitment to chromatin as an effective treatment for MLL-fusion leukaemia,Paper 29 - Inhibition of BET recruitment to chromatin as an effective treatment for MLLfusion leukaemia,2,3,Relative BCL2 expression of MV4;11 cells treated with I-BET151 vs K-562 cells treated with I-BET151,yes,1,1.0
29,Inhibition of BET recruitment to chromatin as an effective treatment for MLL-fusion leukaemia,Paper 29 - Inhibition of BET recruitment to chromatin as an effective treatment for MLLfusion leukaemia,3,1,Survival of I-BET151 vs vehicle control,no,1,0.0
29,Inhibition of BET recruitment to chromatin as an effective treatment for MLL-fusion leukaemia,Paper 29 - Inhibition of BET recruitment to chromatin as an effective treatment for MLLfusion leukaemia,3,2,Leukaemia burden in bone marrow of I-BET151 vs vehicle control,no,1,0.0
37,Systematic identification of genomic markers of drug sensitivity in cancer cells,Paper 37 - Systematic identification of genomic markers of drug sensitivity in cancer cells,1,1,Effective concentrations of Ewing's sarcoma cell lines vs osteosarcoma cell lines,no,2,0.0
37,Systematic identification of genomic markers of drug sensitivity in cancer cells,Paper 37 - Systematic identification of genomic markers of drug sensitivity in cancer cells,2,1,IC50 values of EWS-FLI1 transformed cells vs FUS-CHOP transformed cells,no,1,0.0
37,Systematic identification of genomic markers of drug sensitivity in cancer cells,Paper 37 - Systematic identification of genomic markers of drug sensitivity in cancer cells,2,2,IC50 values of SK-N-MC cells vs EWS-FLI1 transformed cells,no,1,0.0
37,Systematic identification of genomic markers of drug sensitivity in cancer cells,Paper 37 - Systematic identification of genomic markers of drug sensitivity in cancer cells,3,1,IC50 values of control siRNA transfected cells vs EWS-FLI1 siRNA transfected cells,no,1,0.0
39,The CD47-signal regulatory protein alpha (SIRPa) interaction is a therapeutic target for human solid tumors,Paper 39 - The CD47signal regulatory protein alpha SIRPa interaction is a therapeutic target for human solid tumors,1,1,Tumor weights of IgG vs anti-CD47 (MIAP410),no,1,0.0
39,The CD47-signal regulatory protein alpha (SIRPa) interaction is a therapeutic target for human solid tumors,Paper 39 - The CD47signal regulatory protein alpha SIRPa interaction is a therapeutic target for human solid tumors,1,2,"hematological counts of NT, IgG, CD47",yes,1,1.0
41,Intestinal inflammation targets cancer-inducing activity of the microbiota,Paper 41 - Intestinal inflammation targets cancerinducing activity of the microbiota,1,1,Intrinsic doubling time of bacterial growth of pks island deletion vs wild-type,no,1,0.0
41,Intestinal inflammation targets cancer-inducing activity of the microbiota,Paper 41 - Intestinal inflammation targets cancerinducing activity of the microbiota,2,1,Overall survival of germ-free Il10-/- mice mono-associated with E.coli NC101 or NC101deltapks,yes,1,1.0
42,Melanoma exosomes educate bone marrow progenitor cells toward a pro-metastatic phenotype through MET,Paper 42 - Melanoma exosomes educate bone marrow progenitor cells toward a prometastatic phenotype through MET,1,1,Met expression in shMet exosomes compared to a constant of 1 (shScr exosomes),yes,1,1.0
42,Melanoma exosomes educate bone marrow progenitor cells toward a pro-metastatic phenotype through MET,Paper 42 - Melanoma exosomes educate bone marrow progenitor cells toward a prometastatic phenotype through MET,2,1,Metastatic burden in lungs of shScr injected mice vs liposome,no,1,0.0
42,Melanoma exosomes educate bone marrow progenitor cells toward a pro-metastatic phenotype through MET,Paper 42 - Melanoma exosomes educate bone marrow progenitor cells toward a prometastatic phenotype through MET,2,2,Metastatic burden in lungs of shScr injected mice vs shMet,no,1,0.0
42,Melanoma exosomes educate bone marrow progenitor cells toward a pro-metastatic phenotype through MET,Paper 42 - Melanoma exosomes educate bone marrow progenitor cells toward a prometastatic phenotype through MET,2,3,Metastatic burden in femurs of shScr injected mice vs liposome,no,1,0.0
42,Melanoma exosomes educate bone marrow progenitor cells toward a pro-metastatic phenotype through MET,Paper 42 - Melanoma exosomes educate bone marrow progenitor cells toward a prometastatic phenotype through MET,2,4,Metastatic burden in femurs of shScr injected mice vs shMet,no,1,0.0
44,Melanoma genome sequencing reveals frequent PREX2 mutations,Paper 44 - Melanoma genome sequencing reveals frequent PREX2 mutations,1,1,Tumor-free survival of GFP vs PREX2-G844D,no,1,0.0
44,Melanoma genome sequencing reveals frequent PREX2 mutations,Paper 44 - Melanoma genome sequencing reveals frequent PREX2 mutations,1,2,Tumor-free survival of GFP vs PREX2-Q1430,no,1,0.0
44,Melanoma genome sequencing reveals frequent PREX2 mutations,Paper 44 - Melanoma genome sequencing reveals frequent PREX2 mutations,1,3,Tumor-free survival of PREX2-WT vs PREX2-G844D,no,1,0.0
44,Melanoma genome sequencing reveals frequent PREX2 mutations,Paper 44 - Melanoma genome sequencing reveals frequent PREX2 mutations,1,4,Tumor-free survival of PREX2-WT vs PREX2-Q1430,no,1,0.0
47,IDH mutation impairs histone demethylation and results in a block to cell differentiation,Paper 47 - IDH mutation impairs histone demethylation and results in a block to cell differentiation,1,1,2HG levels in cells expressing IDH1-WT vs IDH1-R132H,yes,1,1.0
47,IDH mutation impairs histone demethylation and results in a block to cell differentiation,Paper 47 - IDH mutation impairs histone demethylation and results in a block to cell differentiation,1,2,2HG levels in cells expressing IDH2-WT vs IDH2-R132H,yes,1,1.0
47,IDH mutation impairs histone demethylation and results in a block to cell differentiation,Paper 47 - IDH mutation impairs histone demethylation and results in a block to cell differentiation,1,3,"H3K4me3 levels in cells expressing IDH1-WT, IDH1-R132H, IDH2-WT, IDH2-R172K",no,1,0.0
47,IDH mutation impairs histone demethylation and results in a block to cell differentiation,Paper 47 - IDH mutation impairs histone demethylation and results in a block to cell differentiation,1,4,"H3K9me3 levels in cells expressing IDH1-WT, IDH1-R132H, IDH2-WT, IDH2-R172K",no,1,0.0
47,IDH mutation impairs histone demethylation and results in a block to cell differentiation,Paper 47 - IDH mutation impairs histone demethylation and results in a block to cell differentiation,1,5,"H3K36me3 levels in cells expressing IDH1-WT, IDH1-R132H, IDH2-WT, IDH2-R172K",no,1,0.0
47,IDH mutation impairs histone demethylation and results in a block to cell differentiation,Paper 47 - IDH mutation impairs histone demethylation and results in a block to cell differentiation,1,6,"H3K79me2 levels in cells expressing IDH1-WT, IDH1-R132H, IDH2-WT, IDH2-R172K",no,1,0.0
47,IDH mutation impairs histone demethylation and results in a block to cell differentiation,Paper 47 - IDH mutation impairs histone demethylation and results in a block to cell differentiation,1,7,H3K9me2 levels in cells expressing IDH1-WT vs IDH1-R132H,no,1,0.0
47,IDH mutation impairs histone demethylation and results in a block to cell differentiation,Paper 47 - IDH mutation impairs histone demethylation and results in a block to cell differentiation,1,8,H3K9me2 levels in cells expressing IDH2-WT vs IDH2-R132H,no,1,0.0
47,IDH mutation impairs histone demethylation and results in a block to cell differentiation,Paper 47 - IDH mutation impairs histone demethylation and results in a block to cell differentiation,1,9,"Correlation of 2HG levels and H3K4me3 levels in cells expressing IDH1-WT, IDH1-R132H, IDH2-WT, IDH2-R172K",no,1,0.0
47,IDH mutation impairs histone demethylation and results in a block to cell differentiation,Paper 47 - IDH mutation impairs histone demethylation and results in a block to cell differentiation,1,10,"Correlation of 2HG levels and H3K9me2 levels in cells expressing IDH1-WT, IDH1-R132H, IDH2-WT, IDH2-R172K",no,1,0.0
47,IDH mutation impairs histone demethylation and results in a block to cell differentiation,Paper 47 - IDH mutation impairs histone demethylation and results in a block to cell differentiation,1,11,"Correlation of 2HG levels and H3K9me3 levels in cells expressing IDH1-WT, IDH1-R132H, IDH2-WT, IDH2-R172K",no,1,0.0
47,IDH mutation impairs histone demethylation and results in a block to cell differentiation,Paper 47 - IDH mutation impairs histone demethylation and results in a block to cell differentiation,1,12,"Correlation of 2HG levels and H3K36me3 levels in cells expressing IDH1-WT, IDH1-R132H, IDH2-WT, IDH2-R172K",no,1,0.0
47,IDH mutation impairs histone demethylation and results in a block to cell differentiation,Paper 47 - IDH mutation impairs histone demethylation and results in a block to cell differentiation,1,13,"Correlation of 2HG levels and H3K79me2 levels in cells expressing IDH1-WT, IDH1-R132H, IDH2-WT, IDH2-R172K",no,1,0.0
47,IDH mutation impairs histone demethylation and results in a block to cell differentiation,Paper 47 - IDH mutation impairs histone demethylation and results in a block to cell differentiation,2,1,2HG levels in cells expressing IDH2-WT vs IDH2-R132H,yes,1,1.0
48,Transcriptional amplification in tumor cells with elevated c-Myc,Paper 48 - Transcriptional amplification in tumor cells with elevated cMyc,1,1,"Total RNA per 1000 cells at 0hr, 1hr, 24hr",no,2,0.5
48,Transcriptional amplification in tumor cells with elevated c-Myc,Paper 48 - Transcriptional amplification in tumor cells with elevated cMyc,2,1,Active gene expression at 0 hr vs 1 hr,yes,2,1.0
48,Transcriptional amplification in tumor cells with elevated c-Myc,Paper 48 - Transcriptional amplification in tumor cells with elevated cMyc,2,2,Active gene expression at 0 hr vs 24 hr,yes,2,1.0
48,Transcriptional amplification in tumor cells with elevated c-Myc,Paper 48 - Transcriptional amplification in tumor cells with elevated cMyc,2,3,Active gene expression at 1 hr vs 24 hr,yes,2,1.0
48,Transcriptional amplification in tumor cells with elevated c-Myc,Paper 48 - Transcriptional amplification in tumor cells with elevated cMyc,2,4,Silent gene expression at 0 hr vs 1 hr,yes,2,1.0
48,Transcriptional amplification in tumor cells with elevated c-Myc,Paper 48 - Transcriptional amplification in tumor cells with elevated cMyc,2,5,Silent gene expression at 0 hr vs 24 hr,yes,2,1.0
48,Transcriptional amplification in tumor cells with elevated c-Myc,Paper 48 - Transcriptional amplification in tumor cells with elevated cMyc,2,6,Silent gene expression at 1 hr vs 24 hr,no,2,0.5
50,Fusobacterium nucleatum infection is prevalent in human colorectal carcinoma,Paper 50 - Fusobacterium nucleatum infection is prevalent in human colorectal carcinoma,1,1,Change in F. nucleatum DNA in colorectal carcinoma vs adjacent normal tissue,yes,1,1.0
