Paper #,Original paper title,Year,Original paper journal,Number of original authors,OSF project link,Draft protocol shared with original authors date,Budget per paper at project onset when originally identified by RP:CB team,Anticipated budget when Registered Report manuscript ready for submission to eLife,Anticipated budget when Registered Report accepted and published in eLife,Actual budget at completion of replication attempt,Registered Report submission date,Registered Report acceptance date,Link to Registered Report,Experimental work start date,Experimental work end date,Replication study fully completed,"If Replication study incomplete, why?",Replication study submission date,Replication study acceptance date ,Link to Replication study,Did original authors respond to any emails?,Did the original paper have a potential conflict of issue statement?,Did the replication study have a potential conflict of issue statement?,Number of lab(s) contracted for the entire paper,Contracted lab(s) for the entire paper,Notes
1,A coding-independent function of gene and pseudogene mRNAs regulates tumour biology.,2010,Nature,6,https://osf.io/yyqas/,10/14/2014,25000,15150,27845,70193.21,4/21/2015,8/8/2015,https://elifesciences.org/articles/08245,8/31/2015,1/6/2019,Partial,It was identified after results were obtained that the si-miR-19b adn si-miR-20a reagents listed in the Registered Report and used in the replication experiment were incorrect. The catalog numbers listed were for microRNA hairpin inhibitors not microRNA mimics.,8/12/2019,2/20/2020,https://elifesciences.org/articles/51019,Yes,Yes,Yes,4,"Core1,CRO1,CRO2,CRO3",
2,A chromatin-mediated reversible drug-tolerant state in cancer cell subpopulations,2010,Cell,16,https://osf.io/xbign/,10/8/2014,25000,43725,57025,56413.03,6/16/2015,10/29/2015,https://elifesciences.org/articles/09462,1/12/2016,10/19/2016,No,DNPs could not be reliable generated,NA,NA,NA,Yes,No,NA,2,"CRO4,CRO5",
3,Long non-coding RNA HOTAIR reprograms chromatin state to promote cancer metastasis,2010,Nature,18,https://osf.io/4bokd/,12/18/2014,25000,NA,NA,NA,NA,NA,NA,NA,NA,NA,NA,NA,NA,NA,Yes,No,NA,NA,NA,
4,"Leukemic IDH1 and IDH2 mutations result in a hypermethylation phenotype, disrupt TET2 function, and impair hematopoietic differentiation",2010,Cancer Cell,26,https://osf.io/xdojz/,12/11/2014,25000,NA,NA,NA,NA,NA,NA,NA,NA,NA,NA,NA,NA,NA,Yes,Yes,NA,NA,NA,A statement in the acknowledgment section was identified as a COI statement.
5,Tumour vascularization via endothelial differentiation of glioblastoma stem-like cells,2010,Nature,11,https://osf.io/mpyvx/,5/9/2014,25000,43011.25,45205.51,49442.97,8/14/2014,1/27/2015,https://elifesciences.org/articles/04363,1/27/2015,6/16/2017,Partial,Expression of reporter cells at 80% or greater could not be reliably generated,NA,NA,https://elifesciences.org/articles/73430,Yes,Yes,NA,2,"CRO6,CRO7",Results included in 'Experiments from unfinished Registered Reports in the Reproducibility Project: Cancer Biology'
6,Diverse somatic mutation patterns and pathway alterations in human cancers.,2010,Nature,32,https://osf.io/jpeqg/,1/21/2015,25000,27535.8,27535.8,64420.8,9/15/2015,1/8/2016,https://elifesciences.org/articles/11566,1/22/2016,11/25/2018,Partial,Colonies could not be reliably detected; Inefficiency of IP and/or expression,NA,NA,https://elifesciences.org/articles/73430,Yes,Yes,NA,2,"CRO8,Core2",Results included in 'Experiments from unfinished Registered Reports in the Reproducibility Project: Cancer Biology'
7,Kinase-dead BRAF and oncogenic RAS cooperate to drive tumor progression through CRAF.,2010,Cell,11,https://osf.io/b1aw6/,1/26/2015,25000,33163.96,33163.96,34441.21,10/2/2015,1/25/2016,https://elifesciences.org/articles/11999,9/6/2016,3/18/2018,Partial,Incomplete western blot analysis; Inefficiency of IP and/or transfection,NA,NA,https://elifesciences.org/articles/73430,Yes,Yes,NA,1,CRO9,A statement in the acknowledgment section was identified as a COI statement; Results included in 'Experiments from unfinished Registered Reports in the Reproducibility Project: Cancer Biology'
8,RAF inhibitors prime wild-type RAF to activate the MAPK pathway and enhance growth.,2010,Nature,21,https://osf.io/0hezb/,8/11/2014,25000,18805.42,25443.44,61496.12,7/9/2015,1/6/2016,https://elifesciences.org/articles/09976,2/15/2016,9/19/2017,Partial,Inefficiency of IP,8/29/2018,NA,https://www.biorxiv.org/content/10.1101/2021.11.30.470372,Yes,Yes,NA,4,"CRO9,Core1,CRO10,Core3",Replication study rejected.
9,Wnt activity defines colon cancer stem cells and is regulated by the microenvironment.,2010,Nature Cell Biology,15,https://osf.io/pgjhx/,9/17/2014,25000,25500,70500,126870,3/3/2015,8/1/2015,https://elifesciences.org/articles/07301,9/4/2015,6/20/2018,Yes,NA,1/23/2019,6/7/2019,https://elifesciences.org/articles/45426,Yes,Yes,Yes,3,"CRO11,CRO12,CRO13",
10,The transcriptional network for mesenchymal transformation of brain tumours,2010,Nature,14,https://osf.io/mfxpj/,5/21/2014,25000,28000,NA,NA,4/29/2015,NA,NA,NA,NA,NA,NA,NA,NA,NA,Yes,No,NA,2,"Core7,Core8",Registered report rejected
11,Melanomas acquire resistance to B-RAF(V600E) inhibition by RTK or N-RAS upregulation,2010,Nature,16,https://osf.io/679uw/,1/22/2015,25000,NA,NA,NA,NA,NA,NA,NA,NA,NA,NA,NA,NA,NA,Yes,Yes,NA,NA,NA,
12,COT drives resistance to RAF inhibition through MAP kinase pathway reactivation,2010,Nature,35,https://osf.io/lmhjg/,11/11/2014,25000,29872.55,29872.55,30947.05,9/17/2015,3/7/2016,https://elifesciences.org/articles/11414,3/8/2016,1/26/2018,Partial,Western blots could not be reliably detected; Viability assay could not be reliably performed,NA,NA,https://elifesciences.org/articles/73430,Yes,Yes,NA,1,CRO8,Results included in 'Experiments from unfinished Registered Reports in the Reproducibility Project: Cancer Biology'
14,RAF inhibitors transactivate RAF dimers and ERK signalling in cells with wild-type BRAF,2010,Nature,5,https://osf.io/acpq7/,11/13/2014,25000,45864.58,NA,NA,4/3/2015,NA,NA,NA,NA,NA,NA,NA,NA,NA,Yes,Yes,NA,1,CRO25,Registered report withdrawn due to resource constraint
15,Coadministration of a Tumor-Penetrating Peptide Enhances the Efficacy of Cancer Drugs,2010,Science,7,https://osf.io/xu1g2/,6/9/2014,25000,38813.16,39313.16,43516.84,2/11/2015,4/29/2015,https://elifesciences.org/articles/06959,4/30/2015,8/26/2015,Yes,NA,5/6/2016,8/30/2016,https://elifesciences.org/articles/17584,Yes,Yes,Yes,2,"Core4,CRO14",A statement in the acknowledgment section was identified as a COI statement.
16,The common feature of leukemia-associated IDH1 and IDH2 mutations is a neomorphic enzyme activity converting alpha-ketoglutarate to 2-hydroxyglutarate,2010,Cancer Cell,16,https://osf.io/8l4ea/,2/13/2015,25000,33994,33994,33994,10/30/2015,2/13/2016,https://elifesciences.org/articles/12626,2/13/2016,2/7/2017,Yes,NA,2/15/2017,5/22/2017,https://elifesciences.org/articles/26030,No,Yes,Yes,2,"Core5,Core6",A statement in the acknowledgment section was identified as a COI statement.
17,Impaired hydroxylation of 5-methylcytosine in myeloid cancers with mutant TET2,2010,Nature,15,https://osf.io/udw78/,10/14/2014,25000,NA,NA,NA,NA,NA,NA,NA,NA,NA,NA,NA,NA,NA,Yes,Yes,NA,NA,NA,
18,RNAi screen identifies Brd4 as a therapeutic target in acute myeloid leukaemia,2011,Nature,20,https://osf.io/devog/,7/30/2014,25000,NA,NA,NA,NA,NA,NA,NA,NA,NA,NA,NA,NA,NA,Yes,Yes,NA,NA,NA,
19,BET bromodomain inhibition as a therapeutic strategy to target c-Myc,2011,Cell,24,https://osf.io/7zqxp/,8/20/2014,25000,37818,39843,39156.76,2/17/2015,6/8/2015,https://elifesciences.org/articles/07072,6/8/2015,3/15/2016,Yes,NA,9/5/2016,11/22/2016,https://elifesciences.org/articles/21253,Yes,No,Yes,1,Core4,
20,Biomechanical remodeling of the microenvironment by stromal caveolin-1 favors tumor invasion and metastasis.,2011,Cell,17,https://osf.io/7yqmp/,5/14/2014,25000,31211.1,54295.8,70474.11,9/17/2014,6/26/2015,https://elifesciences.org/articles/04796,6/26/2015,4/27/2018,Partial,SMA staining could not be reliably detected,1/14/2019,11/6/2019,https://elifesciences.org/articles/45120,Yes,No,Yes,3,"Core7,Core8,CRO15",
21,Discovery and Preclinical Validation of Drug Indications Using Compendia of Public Gene Expression Data,2011,Science Translational Medicine,8,https://osf.io/hxrmm/,8/18/2014,25000,9181.72,11181.72,11838.11,2/4/2015,4/15/2015,https://elifesciences.org/articles/06847,6/8/2015,9/4/2015,Yes,NA,4/18/2016,7/28/2016,https://elifesciences.org/articles/17044,Yes,Yes,Yes,1,Core4,
22,Selective killing of cancer cells by a small molecule targeting the stress response to ROS,2011,Nature,14,https://osf.io/uvapt/,9/22/2014,25000,NA,NA,NA,NA,NA,NA,NA,NA,NA,NA,NA,NA,NA,Yes,Yes,NA,NA,NA,
23,Functional genomics reveal that the serine synthesis pathway is essential in breast cancer,2011,Nature,27,https://osf.io/u1mfn/,10/10/2014,25000,47473.87,NA,NA,NA,NA,NA,NA,NA,NA,NA,NA,NA,NA,Yes,Yes,NA,2,"Core20,Core21",
24,Coding-independent regulation of the tumor suppressor PTEN by competing endogenous mRNAs.,2011,Cell,13,https://osf.io/oblj1/,2/24/2015,25000,33415.68,43110.89,62894.9,11/23/2015,2/4/2016,https://elifesciences.org/articles/12470,3/16/2016,9/6/2018,Partial,Western blot results with the phospho-AKT antibody were inconsistent and largely absent of a signal.,5/26/2020,9/18/2020,https://elifesciences.org/articles/56651,Yes,No,Yes,1,Core9,
25,Oncometabolite 2-Hydroxyglutarate is a competitive inhibitor of α-ketoglutarate-dependent dioxygenases.,2011,Cancer Cell,22,https://osf.io/kvshc/,7/28/2014,25000,39654.11,59003.11,11317.3,3/11/2015,7/9/2015,https://elifesciences.org/articles/07420,3/18/2016,1/31/2018,No,Low transfection rates; errors in plasmids,NA,NA,NA,Yes,No,NA,1,Core10,
26,Oncogene-induced Nrf2 transcription promotes ROS detoxification and tumorigenesis,2011,Nature,17,https://osf.io/i0yka/,12/11/2014,25000,26764.13,NA,NA,NA,NA,NA,NA,NA,NA,NA,NA,NA,NA,Yes,Yes,NA,1,Core10,
27,BRCA1 tumour suppression occurs via heterochromatin-mediated silencing,2011,Nature,8,https://osf.io/oi7jj/,12/16/2014,25000,35442.52,NA,NA,NA,NA,NA,NA,NA,NA,NA,NA,NA,NA,Yes,Yes,NA,1,Core22,
28,The microRNA miR-34a inhibits prostate cancer stem cells and metastasis by directly repressing CD44.,2011,Nature Medicine,15,https://osf.io/gb7sr/,5/9/2014,25000,55088,46909.55,59566.4,1/13/2015,7/10/2015,https://elifesciences.org/articles/06434,9/25/2015,9/24/2018,Yes,NA,11/9/2018,2/25/2019,https://elifesciences.org/articles/43511,Yes,Yes,Yes,1,CRO16,
29,Inhibition of BET recruitment to chromatin as an effective treatment for MLL-fusion leukaemia,2011,Nature,27,https://osf.io/hcqqy/,8/18/2014,25000,59875.98,59875.98,65936.13,6/2/2015,8/4/2015,https://elifesciences.org/articles/08997,9/17/2015,7/18/2016,Yes,NA,1/23/2017,5/22/2017,https://elifesciences.org/articles/25306,Yes,Yes,Yes,2,"Core11,CRO3",
30,CCL2 recruits inflammatory monocytes to facilitate breast-tumour metastasis,2011,Nature,9,https://osf.io/ckpsn/,12/15/2014,25000,NA,NA,NA,NA,NA,NA,NA,NA,NA,NA,NA,NA,NA,No,Yes,NA,NA,NA,
31,An extensive microRNA-mediated network of RNA-RNA interactions regulates established oncogenic pathways in glioblastoma,2011,Cell,11,https://osf.io/wcasz/,1/20/2015,25000,29328.54,NA,NA,12/18/2015,NA,NA,NA,NA,NA,NA,NA,NA,NA,Yes,No,NA,1,CRO26,Registered report rejected
32,Normal and neoplastic nonstem cells can spontaneously convert to a stem-like state,2011,PNAS,14,https://osf.io/u6m4z/,8/6/2014,25000,NA,NA,NA,NA,NA,NA,NA,NA,NA,NA,NA,NA,NA,Yes,Yes,NA,NA,NA,
33,An endogenous tumour-promoting ligand of the human aryl hydrocarbon receptor,2011,Nature,19,https://osf.io/o2xpf/,8/26/2014,25000,NA,NA,NA,NA,NA,NA,NA,NA,NA,NA,NA,NA,NA,No,Yes,NA,NA,NA,
34,Senescence surveillance of pre-malignant hepatocytes limits liver cancer development.,2011,Nature,25,https://osf.io/82nfe/,5/12/2014,25000,36534.17,39391.04,53589.91,7/21/2014,12/14/2014,https://elifesciences.org/articles/04105,12/14/2014,5/22/2017,No,Antibody signal could not be reliably detected,NA,NA,NA,Yes,Yes,NA,2,"Core12,CRO17",
35,A restricted cell population propagates glioblastoma growth after chemotherapy,2012,Nature,7,https://osf.io/egoni/,6/25/2014,25000,NA,NA,NA,NA,NA,NA,NA,NA,NA,NA,NA,NA,NA,Yes,Yes,NA,NA,NA,Stopped because unable to obtain necessary reagents (mouse model) from original authors. Replaced by Study 53.
36,Defining the mode of tumour growth by clonal analysis,2012,Nature,5,https://osf.io/znixv/,5/28/2014,25000,NA,NA,NA,NA,NA,NA,NA,NA,NA,NA,NA,NA,NA,Yes,Yes,NA,NA,NA,Excluded because of feasibility constraint (mouse model too expensive for project). Replaced by Study 52.
37,Systematic identification of genomic markers of drug sensitivity in cancer cells,2012,Nature,54,https://osf.io/nbryi/,12/1/2014,25000,49042.9,49042.9,53089.3,12/8/2015,5/25/2016,https://elifesciences.org/articles/13620,12/20/2016,5/17/2017,Yes,NA,6/27/2017,12/13/2017,https://elifesciences.org/articles/29747,Yes,Yes,Yes,1,CRO18,
38,Lineage tracing reveals Lgr5+ stem cell activity in mouse intestinal adenomas,2012,Science,7,https://osf.io/1ovqn/,4/21/2014,25000,NA,NA,NA,NA,NA,NA,NA,NA,NA,NA,NA,NA,NA,Yes,No,NA,NA,NA,Excluded because of feasibility constraint (mouse model too expensive for project). Replaced by Study 51.
39,The CD47-signal regulatory protein alpha (SIRPa) interaction is a therapeutic target for human solid tumors,2012,PNAS,44,https://osf.io/9pbos/,4/21/2014,25000,10175.42,10175.42,11697.93,9/3/2014,12/20/2014,https://elifesciences.org/articles/04586,12/20/2014,4/26/2016,Yes,NA,5/25/2016,11/21/2016,https://elifesciences.org/articles/18173,Yes,Yes,Yes,1,CRO6,
40,Tumour micro-environment elicits innate resistance to RAF inhibitors through HGF secretion.,2012,Nature,19,https://osf.io/p4lzc/,2/20/2014,25000,19454,19454,254,7/16/2014,11/17/2014,https://elifesciences.org/articles/04034,3/21/2016,1/10/2017,No,Cells did not propogate and were not regenerated in time to conduct experiments,NA,NA,NA,Yes,Yes,NA,1,Core13,
41,Intestinal inflammation targets cancer-inducing activity of the microbiota.,2012,Science,17,https://osf.io/y4tvd/,4/15/2014,25000,75912,75912,55860.72,7/29/2014,2/12/2015,https://elifesciences.org/articles/04186,3/10/2015,7/21/2017,Partial,"Timeline was longer than original so inflamation, neoplasia, and tumor invasion are not comparable to original",12/15/2017,9/19/2018,https://elifesciences.org/articles/34364,Yes,Yes,Yes,1,Core14,A statement in the acknowledgment section was identified as a COI statement.
42,Melanoma exosomes educate bone marrow progenitor cells toward a pro-metastatic phenotype through MET.,2012,Nature Medicine,25,https://osf.io/ewqzf/,7/28/2014,25000,71117.28,75337.42,186545.5,3/9/2015,10/28/2015,https://elifesciences.org/articles/07383,4/14/2016,5/8/2018,Partial,pMET could not be reliabilty detected in exosomes,7/10/2018,12/1/2018,https://elifesciences.org/articles/39944,Yes,Yes,Yes,2,"Core15,CRO19",
43,Interactions between cancer stem cells and their niche govern metastatic colonization.,2012,Nature,7,https://osf.io/vseix/,7/21/2014,25000,67421.05,67421.05,56305.42,2/11/2015,5/22/2015,https://elifesciences.org/articles/06938,5/22/2015,11/30/2017,No,Not enough animals of the appropriate genotypes were generated,NA,NA,NA,Yes,Yes,NA,3,"CRO20,Core16,CRO21",
44,Melanoma genome sequencing reveals frequent PREX2 mutations,2012,Nature,48,https://osf.io/jvpnw/,5/29/2014,25000,25198.39,28068.91,29737.68,7/29/2014,11/11/2014,https://elifesciences.org/articles/04180,11/11/2014,7/6/2016,Yes,NA,9/19/2016,11/21/2016,https://elifesciences.org/articles/21634,Yes,Yes,Yes,3,"CRO6,CRO7,CRO22",
45,Unresponsiveness of colon cancer to BRAF(V600E) inhibition through feedback activation of EGFR,2012,Nature,9,https://osf.io/ecy85/,11/11/2014,25000,NA,NA,NA,NA,NA,NA,NA,NA,NA,NA,NA,NA,NA,Yes,Yes,NA,NA,NA,
46,Widespread potential for growth-factor-driven resistance to anticancer kinase inhibitors.,2012,Nature,18,https://osf.io/h0pnz/,5/9/2014,25000,8984,9101,30219,7/16/2014,9/28/2014,https://elifesciences.org/articles/04037,9/15/2016,6/12/2017,No,Viability assay could not be reliably performed; Western blots/drug conditions could not be reliably performed,NA,NA,NA,Yes,Yes,NA,1,Core17,
47,IDH mutation impairs histone demethylation and results in a block to cell differentiation.,2012,Nature,17,https://osf.io/vfsbo/,11/3/2014,25000,34829.41,34829.41,46344.04,8/18/2015,2/15/2016,https://elifesciences.org/articles/10860,2/15/2016,10/26/2017,Partial,Differentation did not occur during experimentation despite occurring during pilot; knockdown was not reliable,NA,NA,https://elifesciences.org/articles/73430,No,Yes,NA,1,"Core18,Core22",Results included in 'Experiments from unfinished Registered Reports in the Reproducibility Project: Cancer Biology'
48,Transcriptional amplification in tumor cells with elevated c-Myc,2012,Cell,8,https://osf.io/mokeb/,2/21/2014,25000,48317.5,49877.5,50877.5,7/16/2014,12/14/2014,https://elifesciences.org/articles/04024,12/14/2014,4/9/2017,Yes,NA,7/10/2017,11/16/2017,https://elifesciences.org/articles/30274,Yes,Yes,Yes,2,"Core13,Core19",A statement in the acknowledgment section was identified as a COI statement.
49,Sequential application of anticancer drugs enhances cell death by rewiring apoptotic signaling networks,2012,Cell,7,https://osf.io/i25y8/,10/28/2014,25000,NA,NA,NA,NA,NA,NA,NA,NA,NA,NA,NA,NA,NA,Yes,Yes,NA,NA,NA,A statement in the acknowledgment section was identified as a COI statement.
50,Fusobacterium nucleatum infection is prevalent in human colorectal carcinoma,2012,Genome Research,11,https://osf.io/v4se2/,1/21/2015,25000,33650,55750,57200,7/13/2015,11/30/2015,https://elifesciences.org/articles/10012,12/21/2015,1/5/2017,Yes,NA,2/8/2017,1/26/2018,https://elifesciences.org/articles/25801,Yes,No,Yes,2,"CRO23,CRO24",
51,DNA breaks and chromosome pulverization from errors in mitosis,2012,Nature,10,https://osf.io/47xy6/,11/17/2014,25000,NA,NA,NA,NA,NA,NA,NA,NA,NA,NA,NA,NA,NA,Yes,Yes,NA,NA,NA,replaced Study 38
52,A microRNA regulon that mediates endothelial recruitment and metastasis by cancer cells,2012,Nature,4,https://osf.io/tkzme/,10/22/2014,25000,NA,NA,NA,NA,NA,NA,NA,NA,NA,NA,NA,NA,NA,Yes,Yes,NA,NA,NA,replaced Study 36
53,Reductive glutamine metabolism by IDH1 mediates lipogenesis under hypoxia,2012,Nature,14,https://osf.io/isdbh/,2/13/2015,25000,17659.32,NA,NA,NA,NA,NA,NA,NA,NA,NA,NA,NA,NA,No,Yes,NA,1,Core18,replaced Study 35
54,Somatic mutations altering EZH2 (Tyr641) in follicular and diffuse large B-cell lymphomas of germinal-center origin,2010,Nature Genetics,38,https://osf.io/6kuy8/,2/19/2015,25000,NA,NA,NA,NA,NA,NA,NA,NA,NA,NA,NA,NA,NA,No,Yes,NA,NA,NA,replaced Study 13