Paper #,Experiment #,Original paper figure,Was experiment originally identified by RP:CB team,Did experiment continue after sharing with labs (before submitting protocol to eLife),Did the experiment protocol get submitted to eLife,Did the experiment protocol get accepted and published in eLife,Clarifications asked of original authors,Quality of response from original authors,Data shared by original authors,Code shared by original authors,Key materials asked to be shared,Key materials offered to be shared,Key materials shared,Type of experiment,What types of experimental techniques were utilized?,What category of experimental techniques were utilized?,Number of lab(s) contracted for the experiment,Lab(s) contracted for the experiment,Registered Report protocol,Experiment description,Original sample number (reported),Replication sample number (power),Replication sample number (reported),Replication experiment attempted,Replication experiment completed,"If experiment incomplete, why?",Changes needed during experimentation?,"If modifications were needed for experiment to proceed, what were they?",Changes able to be implemented during experimentation?,"If modifications unable to be fully implemented, why?",Replication study figure,Were materials shippped between replicating labs?,"If a material was shipped between replicating labs, what was it?",Was the original experiment blinded?,Was the replication experiment blinded?,Was the original experiment randomized?,Was the replication experiment randomized?,Was the original experiment sample size determined a priori?,Was the replication experiment sample size determined a priori?,Was a statistical test reported in the original paper?,What statistical test(s) was reported?,Was variation of biological repeats reported in the original experiment?,Notes
1,1,1D,Yes,Yes,Yes,Yes,2,2,0,0,NA,NA,NA,Cell-based,"transfection (microRNA),cell culture,RNA extraction,qRT-PCR,microscopy (bright-field, fluorescence)","cell,immuno,molecular",2,"Core1,CRO1",1,PTEN and PTENP1 mRNA expression after miR-19b and miR-20a mimic expression,3,6,NA,Yes,No,It was identified after results were obtained that the si-miR-19b adn si-miR-20a reagents listed in the Registered Report and used in the replication experiment were incorrect. The catalog numbers listed were for microRNA hairpin inhibitors not microRNA mimics.,2,Melting curves for PTEN and PTENP1 were inconsisent and required repeating measuring; Experiment done with inhibitors instead of mimics,3,Time/budget constraint prevented implementation of experiment with microRNA mimics,NA,Yes,RNA,No,No,No,No,No,Yes,Yes,Student's t test,Yes,"methods state unpaired t-test, assumed to be Student's t-test"
1,2,2F,Yes,No,No,Yes,2,2,0,0,NA,NA,NA,Cell-based,"transfection (siRNA),cell culture,cell proliferation/viability assay (Crystal violet),microscopy (bright-field, fluorescence)","cell,immuno",1,CRO1,2,DU145 cell proliferation after PTEN and/or PTENP1 knockdown,3,5,5,Yes,Yes,NA,0,NA,6,NA,1,No,NA,No,No,No,No,No,Yes,No,NA,Yes,
1,3,2G,Yes,No,No,Yes,2,2,0,0,NA,NA,NA,Cell-based,"transfection (siRNA),cell culture,RNA extraction,qRT-PCR,microscopy (bright-field, fluorescence)","cell,immuno,molecular",2,"Core1,CRO1",3,PTEN and PTENP1 mRNA expression after PTEN and/or PTENP1 knockdown,3,5,5,Yes,Yes,NA,2,Melting curves for PTEN and PTENP1 were inconsisent and required repeating measuring,5,NA,2,Yes,RNA,No,No,No,No,No,Yes,Yes,Student's t test,Yes,"methods state unpaired t-test, assumed to be Student's t-test"
1,4,2H,Yes,No,No,Yes,2,2,0,0,NA,NA,NA,Cell-based,"transfection (siRNA),cell culture,Western blot assay,microscopy (bright-field, fluorescence)","cell,immuno,molecular",1,CRO1,4,PTEN protein expression after PTEN and/or PTENP1 knockdown,unknown,5,5,Yes,Yes,NA,1,Western blot conditions needed to be optimized for detecting PTEN,5,NA,3,No,NA,No,No,No,No,No,Yes,No,NA,No,
1,5,4A(left),Yes,Yes,Yes,Yes,2,2,0,0,Plasmids,Plasmids,No,Cell-based,"transfection (plasmid),cell culture,RNA extraction,qRT-PCR","cell,molecular",3,"Core1,CRO2,CRO3",5,PTENP1 mRNA expression after PTEN 3'UTR expression,3,3,3,Yes,Yes,NA,3,"Melting curves for PTEN and PTENP1 were inconsisent and required repeating measuring; Plasmids were going to be shared, but ended up not, so plasmids were remade during replication",5,NA,4,Yes,"Plasmid,RNA",No,No,No,No,No,Yes,Yes,Student's t test,Yes,"methods state unpaired t-test, assumed to be Student's t-test"
1,6,4A(right),Yes,Yes,Yes,Yes,2,2,0,0,Plasmids,Plasmids,No,Cell-based,"transfection (plasmid),cell culture,cell proliferation/viability assay (Crystal violet)",cell,2,"CRO2,CRO3",6,DU145 cell proliferation after PTEN 3'UTR expression,3,3,3,Yes,Yes,NA,1,"Plasmids were going to be shared, but ended up not, so plasmids were remade during replication",5,NA,5,Yes,Plasmid,No,No,No,No,No,Yes,No,NA,Yes,
1,7,2A(left),Yes,Yes,Yes,No,2,2,0,0,Plasmids,Plasmids,NA,Cell-based,"viral transduction,cell culture,RNA extraction,qRT-PCR","cell,molecular",NA,NA,NA,NA,3,3,NA,NA,NA,NA,NA,NA,NA,NA,NA,NA,NA,NA,NA,NA,NA,NA,NA,Yes,Student's t test,Yes,"methods state unpaired t-test, assumed to be Student's t-test"
1,8,2A(right),Yes,Yes,Yes,No,2,2,0,0,Plasmids,Plasmids,NA,Cell-based,"viral transduction,cell culture,Western blot assay","cell,immuno",NA,NA,NA,NA,unknown,5,NA,NA,NA,NA,NA,NA,NA,NA,NA,NA,NA,NA,NA,NA,NA,NA,NA,No,NA,No,
1,9,2B,Yes,No,No,No,2,2,0,0,Plasmids,Plasmids,NA,Cell-based,"viral transduction,cell culture,flow cytometry","cell,immuno",NA,NA,NA,NA,NA,NA,NA,NA,NA,NA,NA,NA,NA,NA,NA,NA,NA,NA,NA,NA,NA,NA,NA,No,NA,No,
1,10,2C,Yes,Yes,Yes,No,2,2,0,0,Plasmids,Plasmids,NA,Cell-based,"viral transduction,cell culture,cell proliferation/viability assay (Crystal violet)",cell,NA,NA,NA,NA,3,3,NA,NA,NA,NA,NA,NA,NA,NA,NA,NA,NA,NA,NA,NA,NA,NA,NA,No,NA,Yes,
1,11,2D,Yes,Yes,Yes,No,2,2,0,0,Plasmids,Plasmids,NA,Cell-based,"viral transduction,cell culture,soft agar assay",cell,NA,NA,NA,NA,3,5,NA,NA,NA,NA,NA,NA,NA,NA,NA,NA,NA,NA,NA,NA,NA,NA,NA,Yes,Student's t test,Yes,"methods state unpaired t-test, assumed to be Student's t-test"
2,1,1C,Yes,Yes,Yes,Yes,2,2,0,0,Cells,No,No,Cell-based,"cell isolation,cell culture,cell counting assay (Coulter)",cell,2,"CRO4,CRO5","1,2",Percent of DTPs present after PC9 erlotinib treatment,3,3,NA,Yes,No,DNPs could not be reliable generated,5,"During DTP generation: PC9 cells continue to proliferate and have a high number of resistent cells at 2 µM erlotinib (checked dose response curve, inhibition of EGFR phosphorylation, deletion in EGFR gene); Attempted DTP generation at different doses and cell density",2,Time/budget constraint prevented implementation of higher dose to generate DTPs,NA,Yes,Cell lysate,No,No,No,No,No,Yes,No,NA,Yes,
2,2,2E,Yes,Yes,Yes,Yes,2,2,0,0,Cells,No,No,Cell-based,"cell isolation,cell culture,cell proliferation/viability assay (Syto60)",cell,1,CRO4,"1,2,3",Percent survival of drug-naive PC9 cells and erlotinib-resistant DTPs,4,4,NA,No,NA,NA,NA,NA,NA,NA,NA,No,NA,No,NA,No,NA,No,Yes,No,NA,Yes,
2,3,"2B,4A(upper),1E(upper,right)",Yes,Yes,Yes,Yes,3,1,0,0,Cells,No,No,Cell-based,"cell isolation,cell culture,Western blot assay","cell,immuno",1,CRO4,"1,2,4","H3K14 acetylation, CD133, and pEGFR levels in drug-naive PC9 cells and erlotinib-resistant DTPs",unknown,4,NA,No,NA,NA,NA,NA,NA,NA,NA,No,NA,No,NA,No,NA,No,Yes,No,NA,No,
2,4,"1B(lower),4B(upper)",Yes,Yes,Yes,Yes,3,1,0,0,Cells,No,No,Cell-based,"cell isolation,cell culture,flow cytometry","cell,immuno",1,CRO4,"1,2,5",Cell cycle analysis of drug-naive PC9 cells and erlotinib-resistant DTPs,3,3,NA,No,NA,NA,NA,NA,NA,NA,NA,No,NA,No,NA,No,NA,No,Yes,No,NA,Yes,
2,5,"5A,5B",Yes,Yes,Yes,Yes,2,2,0,0,Cells,No,No,Cell-based,"cell isolation,cell culture,microscopy (bright-field)","cell,immuno",1,CRO4,"1,6","Colony number of drug-naive PC9 cells treated with erlotinib, erlotinib + TSA, or erlotinib + AEW541",3,3,NA,No,NA,NA,NA,NA,NA,NA,NA,No,NA,No,NA,No,NA,No,Yes,No,NA,Yes,
2,6,7A,Yes,Yes,Yes,Yes,3,1,0,0,Cells,No,No,Cell-based,"cell isolation,cell culture,Western blot assay","cell,immuno",1,CRO4,"1,2,7",pIGF-1R and IGFBP3 levels in drug-naive PC9 cells and erlotinib-resistant DTPs,unknown,3,NA,No,NA,NA,NA,NA,NA,NA,NA,No,NA,No,NA,No,NA,No,Yes,No,NA,No,
2,7,7C,Yes,Yes,Yes,Yes,3,1,0,0,Cells,No,No,Cell-based,"cell isolation,cell culture,Western blot assay","cell,immuno",1,CRO4,"1,2,8",pIGF-1R levels in erlotinib-resistant DTPs treated with vehicle or AEW541,unknown,3,NA,No,NA,NA,NA,NA,NA,NA,NA,No,NA,No,NA,No,NA,No,Yes,No,NA,No,
2,8,7I,Yes,Yes,Yes,Yes,3,1,0,0,Cells,No,No,Cell-based,"cell isolation,cell culture,Western blot assay","cell,immuno",1,CRO4,"1,2,9",KDM5A levels in erlotinib-resistant DTPs treated with vehicle or AEW541,unknown,3,NA,No,NA,NA,NA,NA,NA,NA,NA,No,NA,No,NA,No,NA,No,Yes,No,NA,No,
3,1,"2C,S4(left)",Yes,No,No,No,4,4,2,2,"Cells,Plasmids",Plasmids,NA,Animal,"viral transduction,cell culture,animal care,animal injection (cells, mammary fat pads,luciferin,IP),IVIS,RNA extraction,qRT-PCR","cell,animal,molecular",NA,NA,NA,NA,NA,NA,NA,NA,NA,NA,NA,NA,NA,NA,NA,NA,NA,NA,NA,NA,NA,NA,NA,Yes,unknown,Yes,
3,2,"4A,4B",Yes,No,No,No,5,4,1,0,Plasmids,Plasmids,NA,Cell-based,"viral transduction,cell culture,Western blot assay,invasion assay","cell,immuno",NA,NA,NA,NA,NA,NA,NA,NA,NA,NA,NA,NA,NA,NA,NA,NA,NA,NA,NA,NA,NA,NA,NA,No,NA,Yes,
4,1,"3A,3B",Yes,No,No,No,3,0,0,0,Plasmids,No,NA,Cell-based,"transfection (plasmid),cell culture,Western blot assay,metabolite extraction,GC-MS","cell,immuno,molecular",NA,NA,NA,NA,NA,NA,NA,NA,NA,NA,NA,NA,NA,NA,NA,NA,NA,NA,NA,NA,NA,NA,NA,No,NA,No,
4,2,"3C,S4A",Yes,No,No,No,3,0,0,0,Plasmids,No,NA,Cell-based,"transfection (plasmid),cell culture,immunofluorescence,microscopy (fluorescence)","cell,immuno",NA,NA,NA,NA,NA,NA,NA,NA,NA,NA,NA,NA,NA,NA,NA,NA,NA,NA,NA,NA,NA,NA,NA,Yes,Student's t test,Yes,methods state Student’s t test was used for analysis of fluorescence intensities
4,3,5B,Yes,No,No,No,3,0,0,0,Plasmids,No,NA,Cell-based,"transfection (plasmid),cell culture,flow cytometry","cell,immuno",NA,NA,NA,NA,NA,NA,NA,NA,NA,NA,NA,NA,NA,NA,NA,NA,NA,NA,NA,NA,NA,NA,NA,No,NA,No,
4,4,"S6A,S6B",Yes,No,No,No,3,0,0,0,Plasmids,No,NA,Animal,"viral transduction,cell culture,animal care,cell isolation,FACS,RNA extraction,qRT-PCR","cell,immuno,animal,molecular",NA,NA,NA,NA,NA,NA,NA,NA,NA,NA,NA,NA,NA,NA,NA,NA,NA,NA,NA,NA,NA,NA,NA,No,NA,Yes,
4,5,7B,Yes,No,No,No,4,0,0,0,Plasmids,No,NA,Animal,"viral transduction,cell culture,animal care,cell isolation,FACS,flow cytometry","cell,immuno,animal",NA,NA,NA,NA,NA,NA,NA,NA,NA,NA,NA,NA,NA,NA,NA,NA,NA,NA,NA,NA,NA,NA,NA,No,NA,No,
4,6,7C,Yes,No,No,No,4,0,0,0,Plasmids,No,NA,Animal,"viral transduction,cell culture,animal care,cell isolation,FACS,flow cytometry","cell,immuno,animal",NA,NA,NA,NA,NA,NA,NA,NA,NA,NA,NA,NA,NA,NA,NA,NA,NA,NA,NA,NA,NA,NA,NA,No,NA,No,
5,1,S11C,Yes,Yes,Yes,Yes,2,5,2,0,Cells,Cells,Cells,Cell-based,"cell isolation,cell culture,RNA extraction,RT-PCR","cell,molecular",1,CRO6,1,"Tie2 expression in GSC83, U87MG, and HVEC cells",2,3,3,Yes,Yes,NA,0,NA,6,NA,NA,No,NA,No,No,No,No,No,Yes,No,NA,Yes,
5,2,"4B,S10B,S10C,S10D",Yes,Yes,Yes,Yes,3,5,2,0,"Cells,Plasmids","Cells,Plasmids","Cells,Plasmids",Animal,"viral transduction,cell culture,FACS,animal care,animal injection (cells, drug, SC,IP),tissue harvesting,immunohistochemistry","cell,immuno,animal",2,"CRO6,CRO7","2,3",Tumor size in GSC83 and U87MG cells after selective targeting of cells expressing Tie2,22,40,NA,Yes,No,Expression of reporter cells at 80% or greater could not be reliably generated,3,Transduction efficiency needed to be optimized because of low transduction efficiency of cells with constucts - tried optimization of conditions and eventually obtained new constructs from original authors,2,Expression of GFP reporter could not be reliably obtained at 80% or higher for all cell populations; Time/budget constraint prevented further optimization,NA,Yes,Cells,No,NA,No,NA,No,Yes,Yes,Student's t test,Yes,methods state Student's t test was used to analyze data without specifics
5,3,4A,Yes,No,No,No,3,5,0,0,"Cells,Plasmids","Cells,Plasmids",NA,Animal,"viral transduction,cell culture,FACS,animal care,animal injection (cells, drug, SC,IP),tissue harvesting,immunohistochemistry","cell,immuno,animal",NA,NA,NA,NA,NA,NA,NA,NA,NA,NA,NA,NA,NA,NA,NA,NA,NA,NA,NA,NA,NA,NA,NA,No,NA,No,
6,1,"3D,3E,3F",Yes,Yes,Yes,Yes,3,0,2,0,Plasmids,No,No,Cell-based,"viral transduction,cell culture,FACS,Western blot assay,soft agar assay,microscopy (bright-field)","cell,immuno",1,CRO8,"1,2,3",Anchorage-independent colony formation in HMEC cells expressing wild-type GNAO1 or GNAO1-R243H mutant,2,3,3,Yes,Yes,NA,0,NA,6,NA,NA,No,NA,No,No,No,No,No,Yes,Yes,Student's t test,Yes,
6,2,"4C,4D,4E",Yes,Yes,Yes,Yes,3,0,2,0,Plasmids,No,No,Cell-based,"viral transduction,cell culture,FACS,Western blot assay,soft agar assay,microscopy (bright-field)","cell,immuno",1,CRO8,"1,4,5","Anchorage-independent colony formation in NIH3T3 cells expressing wild-type MAP2K4, MAP2K4-R228K, or MAP2K4-A279T",2,3,NA,Yes,No,Colonies could not be reliably detected,5,"Colony formation assay needed to be optimized because colonies did not form and cell growth was present in all conditions, including negative controls; Additional positive control (hRAS-V12) included as additional control",3,Time/budget constraint prevented further optimization to identify conditions for colony formation assay,NA,No,NA,No,No,No,No,No,Yes,Yes,Student's t test,Yes,
6,3,"4E,4F",Yes,Yes,Yes,Yes,2,0,0,0,Plasmids,No,No,Cell-based,"viral transduction,cell culture,FACS,Western blot assay,enzyme assay (kinase)","cell,immuno,molecular",2,"CRO8,Core2","1,4,6","Kinase activity of immunoprecipitated wild-type MAP2K4, MAP2K4-R228K, or MAP2K4-A279T",unknown,4,NA,Yes,No,Inefficiency of IP and/or expression,5,IP conditions needed to be optimized because of no difference in signal between negative and positive controls - possible reason low expression and/or IP of kinases,2,Time/budget constraint prevented further optimization of expression and/or IP conditions,NA,Yes,Cell lysate,No,NA,No,NA,No,Yes,No,NA,No,
7,1,1A,Yes,Yes,Yes,Yes,2,5,0,0,NA,NA,NA,Cell-based,"cell culture,Western blot assay","cell,immuno",1,CRO9,1,pERK activation of A375 and DO4 cells following treatment with RAF inhibitors,unknown,3,3,Yes,Yes,NA,0,NA,6,NA,NA,No,NA,No,No,No,No,No,Yes,No,NA,No,
7,2,1B,Yes,Yes,Yes,Yes,1,4,0,0,NA,NA,NA,Cell-based,"transfection (siRNA),cell culture,Western blot assay","cell,immuno",1,CRO9,2,pERK and pMEK activation of DO4 cells depleted of NRAS or CRAF with or without SB590885,unknown,4,NA,Yes,No,Incomplete western blot analysis,2,Western blot conditions needed to be optimized for detecting pMEK and pERK,0,Time/budget constraint prevented further optimization of Western blot conditions,NA,No,NA,No,NA,No,NA,No,Yes,No,NA,No,
7,3,3A,Yes,Yes,Yes,Yes,2,4,0,0,Plasmids,Plasmids,Plasmids,Cell-based,"transfection (plasmid),cell culture,immunoprecipitation,Western blot assay","cell,immuno",1,CRO9,3,BRAF interaction with wild-type CRAF or CRAF-R89L with or without SB590885,unknown,3,NA,Yes,No,Inefficiency of IP and/or transfection,2,Transfection and/or IP conditions needed to be optimized for detecting IPed material,0,Time/budget constraint prevented further optimization of transfection and/or IP conditions,NA,No,NA,No,NA,No,NA,No,Yes,No,NA,No,
7,4,3B,No,No,No,Yes,2,4,0,0,Plasmids,Plasmids,Plasmids,Cell-based,"transfection (plasmid),cell culture,immunoprecipitation,Western blot assay","cell,immuno",1,CRO9,4,CRAF interaction with wild-type BRAF or BRAF-R188L with or without SB590885,unknown,3,NA,Yes,No,Inefficiency of IP and/or transfection,2,Transfection and/or IP conditions needed to be optimized for detecting IPed material,0,Time/budget constraint prevented further optimization of transfection and/or IP conditions,NA,No,NA,No,NA,No,NA,No,Yes,No,NA,No,
7,5,4D,Yes,Yes,Yes,Yes,2,4,0,0,Plasmids,Plasmids,Plasmids,Cell-based,"transfection (plasmid),cell culture,immunoprecipitation,Western blot assay","cell,immuno",1,CRO9,5,CRAF interaction with wild-type BRAF or BRAF-D594A,unknown,3,NA,Yes,No,Inefficiency of IP and/or transfection,2,Transfection and/or IP conditions needed to be optimized for detecting IPed material,0,Time/budget constraint prevented further optimization of transfection and/or IP conditions,NA,No,NA,No,NA,No,NA,No,Yes,No,NA,No,
7,6,4E,Yes,No,No,No,2,4,0,0,Plasmids,Plasmids,NA,Cell-based,"transfection (plasmid),cell culture,Western blot assay","cell,immuno",NA,NA,NA,NA,NA,NA,NA,NA,NA,NA,NA,NA,NA,NA,NA,NA,NA,NA,NA,NA,NA,NA,NA,No,NA,No,
7,7,4H,Yes,No,No,No,2,4,0,0,Plasmids,Plasmids,NA,Cell-based,"transfection (plasmid),cell culture,immunoprecipitation,Western blot assay","cell,immuno",NA,NA,NA,NA,NA,NA,NA,NA,NA,NA,NA,NA,NA,NA,NA,NA,NA,NA,NA,NA,NA,NA,NA,No,NA,No,
7,8,"5C,6B,6C,6D,6E",Yes,No,No,No,2,4,0,0,Organisms,Organisms,NA,Animal,"animal care,tissue harvesting,genomic DNA extraction,qPCR,sequencing,cell isolation,immunoprecipitation,Western blot assay","cell,immuno,animal,molecular",NA,NA,NA,NA,NA,NA,NA,NA,NA,NA,NA,NA,NA,NA,NA,NA,NA,NA,NA,NA,NA,NA,NA,No,NA,Yes,
8,1,1A,Yes,Yes,Yes,Yes,2,4,0,0,NA,NA,NA,Cell-based,"cell culture,cell proliferation/viability assay (Cell Titer Glo)",cell,1,CRO9,1,"Cellular dose response curves for RAF and MEK inhibitors in BRAF(V600E), mutant RAS, and wild-type RAF/RAS cell lines",unknown,4,4,Yes,Yes,NA,0,NA,6,NA,NA,No,NA,No,No,No,No,No,Yes,No,NA,Yes,Varation across multiple cell lines reported
8,2,2B,Yes,Yes,Yes,Yes,3,4,0,0,Cells,Cells,Cells,Cell-based,"cell culture,Western blot assay","cell,immuno",1,Core1,2,MEK phosphorylation when BRAF or CRAF are depleted in non-BRAF(V600E) cells treated with a RAF inhibitor,unknown,7,7,Yes,Yes,NA,0,NA,6,NA,NA,No,NA,No,No,No,No,No,Yes,No,NA,No,
8,3,4A,No,No,No,Yes,1,3,0,0,NA,NA,NA,Recombinant,"preparation of recombinant protein,immunoprecipitation,Western blot assay","immuno,molecular",2,"CRO10,Core3",3,Biochemical dimerization assay with recombinant RAF proteins in the presence or absence of RAF inhibitors,unknown,6,NA,Yes,No,Inefficiency of IP,5,IP conditions needed to be optimized for detecting IPed material,4,Time/budget constraint prevented further optimization of IP conditions,NA,Yes,Purified protein,No,No,No,No,No,Yes,No,NA,No,
8,4,2A,Yes,Yes,Yes,No,3,4,0,0,NA,NA,NA,Cell-based,"cell culture,Western blot assay","cell,immuno",NA,NA,NA,NA,NA,3,NA,NA,NA,NA,NA,NA,NA,NA,NA,NA,NA,NA,NA,NA,NA,NA,NA,No,NA,No,
9,1,2F,Yes,Yes,Yes,Yes,2,3,0,0,Cells,Cells,Cells,Cell-based,"viral transduction,cell culture,cell isolation,FACS,flow cytometry","cell,immuno",2,"CRO11,CRO12","1,2",CSC marker expression of TOP-GFP CSC cultures,unknown,3,3,Yes,Yes,NA,1,"CSCs were going to be generated, but one ended up needing to be commercially sourced due to low efficiency rate",5,NA,1,Yes,Cells,No,No,No,No,No,Yes,No,NA,No,
9,2,6D,Yes,Yes,Yes,Yes,3,3,0,3,Cells,Cells,Cells,Cell-based,"viral transduction,cell culture,cell isolation,FACS,microscopy (fluorescence)","cell,immuno",2,"CRO11,CRO12","1,3",Clonogenicity of TOP-GFP CSC cultures,18,18,18,Yes,Yes,NA,1,"CSCs were going to be generated, but one ended up needing to be commercially sourced due to low efficiency rate",5,NA,2,Yes,Cells,No,Yes,No,No,No,Yes,Yes,Chi-square test,Yes,"Methods state statistical significance were evaluated with the ELDA 'limdil' function, which does Chisquare tests for stem cell frequencies."
9,3,7E,Yes,Yes,Yes,Yes,3,3,3,0,Cells,Cells,Cells,Animal,"viral transduction,cell culture,cell isolation,FACS,animal care,animal injection (cells, SC,IP)","cell,immuno,animal",3,"CRO11,CRO12,CRO13","1,4",Tumorigenicity of TOP-GFP CSC culture,66,48,48,Yes,Yes,NA,0,NA,6,NA,Table1,Yes,Cells,No,Yes,No,Yes,No,Yes,No,NA,Yes,
9,4,6C,Yes,No,No,No,2,3,0,0,NA,NA,NA,Cell-based,"viral transduction,cell culture,cell isolation,FACS,flow cytometry","cell,immuno",NA,NA,NA,NA,NA,NA,NA,NA,NA,NA,NA,NA,NA,NA,NA,NA,NA,NA,NA,NA,NA,NA,NA,No,NA,No,
10,1,"5A,5B",Yes,Yes,Yes,No,3,4,2,0,"Cells,Plasmids","Cells,Plasmids",NA,Animal,"viral transduction,cell culture,animal care,animal injection (cells, intracranially),tissue harvesting,immunohistochemistry","cell,animal",2,"Core7,Core8",NA,NA,17,32,NA,NA,NA,NA,NA,NA,NA,NA,NA,NA,NA,NA,NA,NA,NA,NA,NA,Yes,unknown,Yes,
10,2,S8A,No,Yes,Yes,No,3,4,1,0,"Cells,Plasmids","Cells,Plasmids",NA,Cell-based,"viral transduction,cell culture,RNA extraction,qRT-PCR","cell,molecular",1,Core7,NA,NA,3,3,NA,NA,NA,NA,NA,NA,NA,NA,NA,NA,NA,NA,NA,NA,NA,NA,NA,No,NA,Yes,
10,3,"5H,S9,TableS13",No,Yes,Yes,No,1,3,3,0,NA,NA,NA,Patient Samples,immunohistochemistry,immuno,2,"Core7,Core8",NA,NA,62,24,NA,NA,NA,NA,NA,NA,NA,NA,NA,NA,NA,NA,NA,NA,NA,NA,NA,Yes,Log-rank Mantel-Cox test,Yes,Stated in results text describing results
10,4,"3A,S7A,S7C,S7D",Yes,No,No,No,3,5,0,0,"Cells,Plasmids","Cells,Plasmids",NA,Cell-based,"viral transduction,cell culture,Western blot assay,immunofluorescence,microscopy (confocal)","cell,immuno",NA,NA,NA,NA,NA,NA,NA,NA,NA,NA,NA,NA,NA,NA,NA,NA,NA,NA,NA,NA,NA,NA,NA,No,NA,Yes,
10,5,3B,Yes,No,No,No,1,5,2,2,NA,NA,NA,Cell-based,"viral transduction,cell culture,RNA extraction,qRT-PCR","cell,molecular",NA,NA,NA,NA,NA,NA,NA,NA,NA,NA,NA,NA,NA,NA,NA,NA,NA,NA,NA,NA,NA,NA,NA,Yes,unknown,Yes,
10,6,"3I,S7H",Yes,No,No,No,3,5,2,2,NA,NA,NA,Cell-based,"animal care,tissue harvesting,viral transduction,cell culture,cell isolation,microscopy (fluorescence),RNA extraction,qRT-PCR","cell,immuno,animal,molecular",NA,NA,NA,NA,NA,NA,NA,NA,NA,NA,NA,NA,NA,NA,NA,NA,NA,NA,NA,NA,NA,NA,NA,Yes,unknown,Yes,
10,7,4E,Yes,No,No,No,3,4,2,0,Cells,Cells,NA,Cell-based,"viral transduction,cell culture,RNA extraction,qRT-PCR","cell,molecular",NA,NA,NA,NA,NA,NA,NA,NA,NA,NA,NA,NA,NA,NA,NA,NA,NA,NA,NA,NA,NA,NA,NA,No,NA,Yes,
10,8,"5C,5D,5E",Yes,No,No,No,3,4,2,2,Cells,Cells,NA,Animal,"viral transduction,cell culture,animal care,animal injection (cells, intracranially),tissue harvesting,immunohistochemistry","cell,animal",NA,NA,NA,NA,NA,NA,NA,NA,NA,NA,NA,NA,NA,NA,NA,NA,NA,NA,NA,NA,NA,NA,NA,Yes,Welch's t test,Yes,
11,1,"S1,S2A,S3A",Yes,No,No,No,4,0,0,0,Cells,No,NA,Cell-based,"cell isolation,cell culture,cell proliferation/viability assay (Cell Titer 96 Acqueous One),microscopy (bright-field),genomic DNA extraction,RT-PCR,sequencing","cell,immuno,molecular",NA,NA,NA,NA,NA,NA,NA,NA,NA,NA,NA,NA,NA,NA,NA,NA,NA,NA,NA,NA,NA,NA,NA,No,NA,Yes,
11,2,"2A(left),S10C",Yes,No,No,No,4,0,0,0,Cells,No,NA,Cell-based,"cell isolation,cell culture,Western blot assay","cell,immuno",NA,NA,NA,NA,NA,NA,NA,NA,NA,NA,NA,NA,NA,NA,NA,NA,NA,NA,NA,NA,NA,NA,NA,No,NA,No,
11,3,3B,Yes,No,No,No,3,0,0,0,Cells,No,NA,Cell-based,"cell isolation,cell culture,immunoprecipitation,Western blot assay","cell,immuno",NA,NA,NA,NA,NA,NA,NA,NA,NA,NA,NA,NA,NA,NA,NA,NA,NA,NA,NA,NA,NA,NA,NA,No,NA,No,
11,4,1A,Yes,No,No,No,4,0,0,0,Cells,No,NA,Cell-based,"cell isolation,cell culture,Western blot assay","cell,immuno",NA,NA,NA,NA,NA,NA,NA,NA,NA,NA,NA,NA,NA,NA,NA,NA,NA,NA,NA,NA,NA,NA,NA,No,NA,No,
11,5,"4C(top),S22(top)",Yes,No,No,No,3,0,0,0,Cells,No,NA,Cell-based,"cell isolation,cell culture,cell proliferation/viability assay (Cell Titer 96 Acqueous One)",cell,NA,NA,NA,NA,NA,NA,NA,NA,NA,NA,NA,NA,NA,NA,NA,NA,NA,NA,NA,NA,NA,NA,NA,No,NA,Yes,
12,1,"3B,3E",Yes,Yes,Yes,Yes,2,5,0,0,NA,NA,NA,Cell-based,"cell culture,Western blot assay","cell,immuno",1,CRO8,1,"MAPK pathway analysis in low (A375) and high (RPMI-7951,OUMS-23,HT29) cell lines",unknown,4,NA,Yes,No,Western blots could not be reliably detected,3,Western blot conditions needed to be optimized for detecting pMEK and pERK; MAP3K8 antibody (Santa Cruz) not available so need to identify new MAP3K8 antibody; OUMS-23 cells did not grow as expected (switched to HT-29 cells),2,Time/budget constraint prevented further optimization of Western blot conditions; Unable to locate MAP3K8 antibody,NA,No,NA,No,NA,No,NA,No,Yes,No,NA,No,
12,2,3D,Yes,Yes,Yes,Yes,2,5,2,0,NA,NA,NA,Cell-based,"cell culture,cell proliferation/viability assay (WST-1)",cell,1,CRO8,"2,3","Cellular dose response curves for PLX4720 inhibitor in low (A375) and high (RPMI-7951,OUMS-23,HT29) cell lines",unknown,3,3,Yes,Yes,NA,1,OUMS-23 cells did not grow as expected (switched to HT-29 cells),5,NA,NA,No,NA,No,No,No,No,No,Yes,No,NA,Yes,Varation across multiple cell lines reported
12,3,3I,Yes,Yes,Yes,Yes,3,5,0,0,NA,NA,NA,Cell-based,"cell culture,Western blot assay","cell,immuno",1,CRO8,4,MAPK pathway activation after MAP3K8 in RPMI-7951 cells,unknown,8,8,Yes,Yes,NA,0,NA,6,NA,NA,No,NA,No,No,No,No,No,Yes,No,NA,No,
12,4,4E,Yes,Yes,Yes,Yes,3,5,2,0,Plasmids,Plasmids,Plasmids,Cell-based,"viral transduction,cell culture,cell proliferation/viability assay (WST-1)",cell,1,CRO8,5,"Viability response for combinatorial MAPK pathway inhibition in A375 cells expressing MEK1, MEK1-DD, or MAP3K8",6,4,NA,Yes,No,Viability assay could not be reliably performed,3,"Viability assay needed to be optimized did not reliably give results for positive controls (e.g., MEK1-DD treated with PLX4720), which could be due to inefficient selection; MAP3K8 stable cells needed to be optimized since exogenous protein was not expressed (using V5 antibody to detect tag)",2,Time/budget constraint prevented further optimization of viability assay,NA,No,NA,No,NA,No,NA,No,Yes,No,NA,Yes,
12,5,4F,Yes,Yes,Yes,Yes,3,5,0,0,Plasmids,Plasmids,Plasmids,Cell-based,"viral transduction,cell culture,Western blot assay","cell,immuno",1,CRO8,6,"MAPK pathway analysis for combinatorial MAPK pathway inhibition in A375 cells expressing MEK1, MEK1-DD, or MAP3K8",unknown,3,NA,Yes,No,Western blots could not be reliably detected,3,Western blot conditions needed to be optimized for detecting pMEK and pERK; MAP3K8 antibody (Santa Cruz) not available so need to identify new MAP3K8 antibody; MAP3K8 stable cells needed to be optimized since exogenous protein was not expressed (using V5 antibody to detect tag),2,Time/budget constraint prevented further optimization of Western blot conditions; Unable to locate MAP3K8 antibody,NA,No,NA,No,NA,No,NA,No,Yes,No,NA,No,
14,1,2A,Yes,Yes,Yes,No,2,0,0,0,Plasmids,Plasmids,NA,Cell-based,"transfection (plasmid),cell culture,Western blot assay","cell,immuno",1,CRO25,NA,NA,unknown,4,NA,NA,NA,NA,NA,NA,NA,NA,NA,NA,NA,NA,NA,NA,NA,NA,NA,No,NA,No,
14,2,3A,Yes,Yes,Yes,No,2,0,0,0,Plasmids,Plasmids,NA,Cell-based,"transfection (plasmid),cell culture,immunoprecipitation,enzyme assay (kinase),Western blot assay","cell,immuno",1,CRO25,NA,NA,unknown,3,NA,NA,NA,NA,NA,NA,NA,NA,NA,NA,NA,NA,NA,NA,NA,NA,NA,No,NA,No,
14,3,3C,Yes,Yes,Yes,No,2,0,0,0,Plasmids,Plasmids,NA,Cell-based,"transfection (plasmid),cell culture,Western blot assay","cell,immuno",1,CRO25,NA,NA,unknown,5,NA,NA,NA,NA,NA,NA,NA,NA,NA,NA,NA,NA,NA,NA,NA,NA,NA,No,NA,No,
14,4,4C,Yes,Yes,Yes,No,2,0,0,0,Plasmids,Plasmids,NA,Cell-based,"transfection (plasmid),cell culture,Western blot assay","cell,immuno",1,CRO25,NA,NA,unknown,3,NA,NA,NA,NA,NA,NA,NA,NA,NA,NA,NA,NA,NA,NA,NA,NA,NA,No,NA,No,
14,5,4D,Yes,Yes,Yes,No,2,0,0,0,Plasmids,Plasmids,NA,Cell-based,"transfection (plasmid),cell culture,Western blot assay","cell,immuno",1,CRO25,NA,NA,unknown,4,NA,NA,NA,NA,NA,NA,NA,NA,NA,NA,NA,NA,NA,NA,NA,NA,NA,No,NA,No,
15,1,2B,Yes,Yes,Yes,Yes,4,1,0,0,NA,NA,NA,Animal,"peptide synthesis,cell culture,animal care,animal injection (cells, drug, prostate gland, iv),tissue harvesting,organic extraction/absorption assay","cell,animal,molecular",2,"Core4,CRO14","1,2,3",Tissue specific DOX accumulation,6,8,8,Yes,Yes,NA,0,NA,6,NA,1,Yes,Peptide,No,No,No,Yes,No,Yes,Yes,Student's t test,Yes,
15,2,"2C,S9A",Yes,Yes,Yes,Yes,4,1,0,0,NA,NA,NA,Animal,"peptide synthesis,cell culture,animal care,animal injection (cells, drug, prostate gland, iv),tissue harvesting","cell,animal,molecular",2,"Core4,CRO14","1,2,4",Tumor and body weight following treatment,30,21,21,Yes,Yes,NA,0,NA,6,NA,"2,3",Yes,Peptide,No,No,No,Yes,No,Yes,Yes,between-subjects ANOVA; contrast of between-subjects ANOVA,Yes,
15,3,2D,Yes,Yes,Yes,Yes,4,1,0,0,NA,NA,NA,Animal,"peptide synthesis,cell culture,animal care,animal injection (cells, drug, prostate gland, iv),tissue harvesting,immunohistochemistry","cell,animal,molecular",2,"Core4,CRO14","1,2,5",TUNEL staining of mouse tissues,30,18,18,Yes,Yes,NA,0,NA,6,NA,4,Yes,Peptide,No,Yes,No,Yes,No,Yes,Yes,contrast of between-subjects ANOVA,Yes,
15,4,2A,Yes,No,No,No,4,1,0,0,NA,NA,NA,Animal,"peptide synthesis,cell culture,animal care,animal injection (cells, drug, prostate gland, iv),tissue harvesting,immunofluorescence,microscopy (fluorescence)","cell,animal,molecular",NA,NA,NA,NA,NA,NA,NA,NA,NA,NA,NA,NA,NA,NA,NA,NA,NA,NA,NA,NA,NA,NA,NA,No,NA,No,
16,1,2,Yes,Yes,Yes,Yes,2,0,0,0,Plasmids,No,No,Cell-based,"transfection (plasmid),cell culture,enzyme assay (oxidative/reductive),Western blot assay","cell,immuno",1,Core5,1,Isocitrate-dependent NADPH production and alpha-ketoglutarate-dependent NADPH consumption,3,7,7,Yes,Yes,NA,2,IDH oxidative and reductive assay conditions needed to be optimized because of an inability to detect a signal above noise with originally specified protein concentrations,5,NA,1,No,NA,No,No,No,No,No,Yes,No,NA,Yes,
16,2,3,Yes,Yes,Yes,Yes,1,0,0,0,Plasmids,No,No,Cell-based,"transfection (plasmid),cell culture,metabolite extraction,GC-MS","cell,molecular",1,Core5,2,2HG levels within HEK293T cells,unknown,3,10,Yes,Yes,NA,1,GC-MS conditions needed to be optimized from limited information in original paper,5,NA,2,No,NA,No,No,No,No,No,Yes,No,NA,No,
16,3,5,Yes,Yes,Yes,Yes,1,0,0,0,Plasmids,No,No,Patient Samples,"cell isolation,metabolite extraction,GC-MS","cell,molecular",2,"Core5,Core6",3,2HG levels in AML patient samples,27,12,12,Yes,Yes,NA,1,GC-MS conditions needed to be optimized from limited information in original paper,5,NA,3,Yes,Patient samples,Yes,No,No,No,No,Yes,No,NA,Yes,"Original study indicated as blinded assuming all samples in Figure 5C were; however, while the paper reports the 18 samples in Table 1 were analyzed blinded, it is unclear if these are included in the 27 samples reported in Figure 5C (and if they were part of Figure 5C if the other samples in Figure 5C were analyzed blinded)."
17,1,"1D,1E,S6A,S6B",Yes,No,No,No,2,3,1,0,"Antibodies,Plasmids","Antibodies,Plasmids",NA,Cell-based,"transfection (plasmid),cell culture,cell isolation,Western blot assay,genomic DNA extraction,dot blot assay","cell,immuno,molecular",NA,NA,NA,NA,NA,NA,NA,NA,NA,NA,NA,NA,NA,NA,NA,NA,NA,NA,NA,NA,NA,NA,NA,Yes,unknown,Yes,
17,2,"3A,3C,S10C",Yes,No,No,No,1,4,1,0,Plasmids,Plasmids,NA,Animal,"viral transduction,cell culture,animal care,tissue harvesting,cell isolation,RNA extraction,qRT-PCR,FACS,flow cytometry","cell,immuno,animal,molecular",NA,NA,NA,NA,NA,NA,NA,NA,NA,NA,NA,NA,NA,NA,NA,NA,NA,NA,NA,NA,NA,NA,NA,No,NA,No,
17,3,2C,Yes,No,No,No,2,0,2,0,NA,NA,NA,Patient Samples,"cell isolation,sequencing,genomic DNA extraction,dot blot assay","cell,molecular",NA,NA,NA,NA,NA,NA,NA,NA,NA,NA,NA,NA,NA,NA,NA,NA,NA,NA,NA,NA,NA,NA,NA,Yes,Mann-Whitney,Yes,
18,1,"S4A,S4B",Yes,No,No,No,2,5,1,0,"Cells,Plasmids","Cells,Plasmids",NA,Cell-based,"viral transduction,cell culture,flow cytometry,RNA extraction,qRT-PCR","cell,immuno,molecular",NA,NA,NA,NA,NA,NA,NA,NA,NA,NA,NA,NA,NA,NA,NA,NA,NA,NA,NA,NA,NA,NA,NA,No,NA,Yes,
18,2,"1C,1D",Yes,No,No,No,2,4,1,0,Cells,Cells,NA,Cell-based,"cell culture,flow cytometry","cell,immuno",NA,NA,NA,NA,NA,NA,NA,NA,NA,NA,NA,NA,NA,NA,NA,NA,NA,NA,NA,NA,NA,NA,NA,No,NA,Yes,
18,3,"2A,2B,2C",Yes,No,No,No,3,5,2,0,"Cells,Plasmids","Cells,Plasmids",NA,Animal,"viral transduction,cell culture,animal care,animal injection (cells, luciferin,iv,IP),flow cytometry,IVIS","cell,immuno,animal",NA,NA,NA,NA,NA,NA,NA,NA,NA,NA,NA,NA,NA,NA,NA,NA,NA,NA,NA,NA,NA,NA,NA,Yes,Log-rank Mantel-Cox test,Yes,
19,1,3B,Yes,Yes,Yes,Yes,2,1,0,0,Cells,Cells,Cells,Cell-based,"cell culture,RNA extraction,qRT-PCR","cell,molecular",1,Core4,1,MYC expression in JQ1-treated MM.1S-luc cells,2,5,5,Yes,Yes,NA,0,NA,6,NA,1,No,NA,No,No,No,No,No,Yes,Yes,paired t test,Yes,
19,2,"7C,7D,7E",Yes,Yes,Yes,Yes,3,1,2,2,Cells,Cells,Cells,Animal,"cell culture,animal care,animal injection (cells, drug,luciferin,iv,IP),IVIS","cell,animal",1,Core4,2,Overall survival and tumor burden in JQ1-treated MM.1S-luc orthotopic xenograft model,19,22,24,Yes,Yes,NA,5,Timecourse of cell injection to randomization was extended because detection of bioluminescence in vivo was not detected even though disease progression was observed; Enrichment of luciferase expressing cells was performed before experiment was conducted to determine timecourse to observe bioluminescence before disease progression required euthanasia,5,NA,"2,3",No,NA,No,No,Yes,Yes,No,Yes,Yes,Log-rank Mantel-Cox test; Student's t test,Yes,Statistical test of original listed in methods.
20,1,"7Ca,7Cb,7Cc(left),S2A,S7Ca",Yes,Yes,Yes,Yes,3,5,2,2,Cells,Cells,Cells,Animal,"viral transduction,cell culture,cell isolation,Western blot assay,animal care,animal injection (cells, luciferin,SC,IP),IVIS,tissue harvesting","cell,immuno,animal",1,Core7,"1,2,3",Primary tumor growth and metastatic foci from mice injected with Cav1 WT or Cav1 KO pMEFs,34,61,61,Yes,Yes,NA,3,"Western blot to assess SMA levels resulted in no observable change, which lead to addition of new assay (collagen gel contraction assay) to assess ECM remodeling capabilities in vitro",5,NA,"1,2",No,NA,No,No,No,No,No,Yes,Yes,Student's t test; Mann-Whitney,Yes,Methods state unpaired Student's t-test or Mann-Whitney test was used
20,2,"7Cc(right),7Cd,S7Cb,S7Cc",Yes,Yes,Yes,Yes,3,5,2,2,Cells,Cells,Cells,Animal,"viral transduction,cell culture,cell isolation,Western blot assay,animal care,animal injection (cells, luciferin,SC,IP),tissue harvesting,immunofluorescence,microscopy (confocal)","cell,immuno,animal",3,"Core7,Core8,CRO15",4,"Fibronectin fiber orientation, elipitical form factor, SMA+ fibers, and correlation with metastatic foci from mice injected with Cav1 WT or Cav1 KO pMEFs",25,18,20,Yes,Partial,SMA staining could not be reliably detected,5,SMA staining was not specific (attempted to block nonspecific staining); Fibronectin orientation analysis using MetaMorph software could not be implemented (instead workflow using KNIME was implemented),4,SMA staining could not be reliably detected,3,Yes,Embedded tissue,No,Yes,No,Yes,No,Yes,Yes,Spearman's rank correlation; Student's t test; Mann-Whitney,Yes,Methods state unpaired Student's t-test or Mann-Whitney test was used
21,1,"4C,4D,S1",Yes,Yes,Yes,Yes,3,0,0,0,NA,NA,NA,Animal,"cell culture,animal care,animal injection (cells, drug,IP)","cell,animal",1,Core4,1,Tumor xenograft experiment testing efficacy of cimetidine in inhibiting the growth of tumors in SCID mice,30,61,61,Yes,Yes,NA,0,NA,6,NA,1,No,NA,No,No,No,Yes,No,Yes,Yes,Student's t test,Yes,
22,1,1B,Yes,No,No,No,2,4,0,0,Cells,Cells,NA,Cell-based,"cell culture,cell counting assay (Trypan)",cell,NA,NA,NA,NA,NA,NA,NA,NA,NA,NA,NA,NA,NA,NA,NA,NA,NA,NA,NA,NA,NA,NA,NA,No,NA,Yes,Varation across multiple cell lines reported
22,2,"3B,4A,S19A",Yes,No,No,No,3,3,0,0,Cells,Cells,NA,Cell-based,"cell culture,flow cytometry","cell,immuno",NA,NA,NA,NA,NA,NA,NA,NA,NA,NA,NA,NA,NA,NA,NA,NA,NA,NA,NA,NA,NA,NA,NA,No,NA,Yes,
22,3,3D,Yes,No,No,No,4,3,0,0,Cells,Cells,NA,Cell-based,"cell culture,cell counting assay (Trypan)",cell,NA,NA,NA,NA,NA,NA,NA,NA,NA,NA,NA,NA,NA,NA,NA,NA,NA,NA,NA,NA,NA,NA,NA,No,NA,Yes,
22,4,S9B,Yes,No,No,No,5,0,0,0,Cells,Cells,NA,Animal,"cell culture,animal care,animal injection (cells, drug, SC, IP)","cell,animal",NA,NA,NA,NA,NA,NA,NA,NA,NA,NA,NA,NA,NA,NA,NA,NA,NA,NA,NA,NA,NA,NA,NA,No,NA,Yes,
23,1,2C,Yes,Yes,No,No,4,2,3,0,NA,NA,NA,Patient Samples,immunohistochemistry,immuno,1,Core20,NA,NA,82,29,NA,NA,NA,NA,NA,NA,NA,NA,NA,NA,NA,NA,NA,NA,NA,NA,NA,Yes,Fisher's exact test,Yes,
23,2,"3E,3F",Yes,Yes,No,No,4,3,1,0,Plasmids,Plasmids,NA,Cell-based,"viral transduction,cell culture,Western blot assay,cell counting assay (Coulter)","cell,immuno",1,Core21,NA,NA,3,3,NA,NA,NA,NA,NA,NA,NA,NA,NA,NA,NA,NA,NA,NA,NA,NA,NA,Yes,unknown,Yes,
23,3,3H,Yes,Yes,No,No,2,3,2,2,Plasmids,Plasmids,NA,Animal,"viral transduction,cell culture,animal care,animal injection (cells, mammary fat pads)","cell,animal",1,Core21,NA,NA,18,52,NA,NA,NA,NA,NA,NA,NA,NA,NA,NA,NA,NA,NA,NA,NA,NA,NA,Yes,unknown,Yes,"For pooled screen, methods state an unpaired t-test was conducted"
24,1,"3C,S3A",Yes,Yes,Yes,Yes,2,4,1,0,NA,NA,NA,Cell-based,"transfection (siRNA, plasmid),cell culture,luciferase assay,RNA extraction,qRT-PCR,microscopy (fluorescence)","cell,immuno,molecular",1,Core9,1,ceRNA depletion on PTEN-3'UTR luciferase reporter activity,4,4,4,Yes,Yes,NA,0,NA,6,NA,1,No,NA,No,No,No,No,No,Yes,Yes,Student's t test,Yes,
24,2,3D,Yes,Yes,Yes,Yes,2,4,1,0,Plasmids,Plasmids,Plasmids,Cell-based,"transfection (plasmid),cell culture,luciferase assay","cell,molecular",1,Core9,2,ceRNA overexpression on PTEN-3'UTR luciferase reporter activity,4,6,6,Yes,Yes,NA,0,NA,6,NA,2,No,NA,No,No,No,No,No,Yes,Yes,Student's t test,Yes,
24,3,"3G,3H,S3B",Yes,Yes,Yes,Yes,2,4,1,0,NA,NA,NA,Cell-based,"transfection (siRNA, plasmid),cell culture,Western blot assay,RNA extraction,qRT-PCR,microscopy (fluorescence)","cell,immuno,molecular",1,Core9,3,ceRNA depletion on PTEN expression,4,4,4,Yes,Yes,NA,0,NA,6,NA,3,No,NA,No,No,No,No,No,Yes,Yes,Student's t test,Yes,"A key material was asked to be shared (Cells), but were not coded since it was commercially available"
24,4,5B,Yes,Yes,Yes,Yes,3,4,0,0,NA,NA,NA,Cell-based,"transfection (siRNA),cell culture,cell proliferation/viability assay (Crystal violet),RNA extraction,qRT-PCR,microscopy (fluorescence)","cell,immuno,molecular",1,Core9,4,ceRNA depletion on cell proliferation,3,5,5,Yes,Yes,NA,0,NA,6,NA,4,No,NA,No,No,No,No,No,Yes,Yes,Student's t test,Yes,"A key material was asked to be shared (Cells), but were not coded since it was commercially available"
24,5,5A,Yes,Yes,Yes,Yes,2,3,1,0,NA,NA,NA,Cell-based,"transfection (siRNA),cell culture,Western blot assay,RNA extraction,qRT-PCR,microscopy (fluorescence)","cell,immuno,molecular",1,Core9,5,ceRNA depletion on AKT activation,unknown,7,NA,Yes,No,Western blot results with the phospho-AKT antibody were inconsistent and largely absent of a signal.,1,"Western blot conditions needed to be optimized for detecting pAKT (e.g., inclusion of phosphatases)",0,Time/budget constraint prevented further optimization of Western blot conditions,NA,No,NA,No,NA,No,NA,No,Yes,No,NA,No,"A key material was asked to be shared (Cells), but were not coded since it was commercially available"
25,1,S3I,Yes,Yes,Yes,Yes,2,0,0,0,Plasmids,Plasmids,Plasmids,Cell-based,"transfection (plasmid),cell culture,metabolite extraction,GC-MS","cell,molecular",1,Core10,1,alpha-KG and 2-HG levels in U-87 MG cells expressing wild-type IDH1 or IDH1-R132H,2,5,NA,Yes,No,Low transfection rates; errors in plasmids,2,Errors in plasmids required correction; Transfections needed to be optimized to increase transfection rate,1,Time/budget constraint prevented further optimization of transfection rates,NA,No,NA,No,NA,No,NA,No,Yes,No,NA,Yes,
25,2,"3A,S3F",Yes,Yes,Yes,Yes,2,0,0,0,NA,NA,NA,Cell-based,"cell culture,Western blot assay","cell,immuno",1,Core10,2,H3K9me2 and H3K79me3 levels in U-87 MG cells treated with 2-HG or 2-HG + alpha-KG,3,3,NA,No,NA,NA,NA,NA,NA,NA,NA,No,NA,No,NA,No,NA,No,Yes,No,NA,Yes,
25,3,"3D,S3J",Yes,Yes,Yes,Yes,3,0,0,0,Plasmids,Plasmids,Plasmids,Cell-based,"transfection (plasmid),cell culture,Western blot assay","cell,immuno",1,Core10,3,Methylation status in U-87 MG cells expressing IDH1-R132H treated with vehicle or oct-alpha-KG,3,6,NA,Yes,No,Low transfection rates; errors in plasmids,2,Errors in plasmids required correction; Transfections needed to be optimized to increase transfection rate,1,Time/budget constraint prevented further optimization of transfection rates,NA,No,NA,No,NA,No,NA,No,Yes,No,NA,Yes,
25,4,"7B,S7C",Yes,Yes,Yes,Yes,2,0,0,0,Plasmids,Plasmids,Plasmids,Cell-based,"transfection (plasmid),cell culture,genomic DNA extraction,dot blot assay","cell,molecular",1,Core10,4,"5hmC levels in 293T cells expressing TET-2CD with wild-type IDH1, IDH1-R132H, wild-type IDH2, IDH2-R140Q, or IDH2-R172K",3,4,NA,Yes,No,Low transfection rates; errors in plasmids,2,Errors in plasmids required correction; Transfections needed to be optimized to increase transfection rate,1,Time/budget constraint prevented further optimization of transfection rates,NA,No,NA,No,NA,No,NA,No,Yes,No,NA,Yes,
25,5,8A,Yes,Yes,Yes,Yes,3,0,0,0,Plasmids,Plasmids,Plasmids,Recombinant,"preparation of recombinant protein,dot blot assay",molecular,1,Core10,5,5hmC levels of TET2-CD protein treated with D-2-HG or L-2-HG,unknown,6,NA,Yes,No,Errors in plasmids,1,Errors in plasmids required correction,1,Time/budget constraint prevented completion,NA,No,NA,No,NA,No,NA,No,Yes,No,NA,No,"Figure legend states error bars represent SD for triplicate experiments, but no error bars are shown in graph"
26,1,"1E,1F,2A,2D,2E",Yes,Yes,No,No,2,5,2,0,Cells,Cells,NA,Cell-based,"viral transduction,cell culture,Western blot assay,metabolite extraction,LC-MS","cell,immuno,molecular",1,Core10,NA,NA,3,7,NA,NA,NA,NA,NA,NA,NA,NA,NA,NA,NA,NA,NA,NA,NA,NA,NA,Yes,Student's t test; Mann-Whitney,Yes,Methods state unpaired Student's t-test or Mann-Whitney test was used
26,2,2C,Yes,Yes,No,No,2,5,0,0,Cells,Cells,NA,Cell-based,"viral transduction,cell culture,RNA extraction,qRT-PCR","cell,molecular",1,Core10,NA,NA,3,4,NA,NA,NA,NA,NA,NA,NA,NA,NA,NA,NA,NA,NA,NA,NA,NA,NA,No,NA,Yes,
26,3,2F,Yes,Yes,No,No,5,5,0,0,Cells,Cells,NA,Cell-based,"viral transduction,cell culture,transfection (siRNA),flow cytometry","cell,immuno",1,Core10,NA,NA,3,4,NA,NA,NA,NA,NA,NA,NA,NA,NA,NA,NA,NA,NA,NA,NA,NA,NA,No,NA,No,
26,4,"4B,4C,4D,S11C",Yes,No,No,No,4,5,2,0,Organisms,Organisms,NA,Animal,"animal care,tissue harvesting,immunohistochemistry","immuno,animal",NA,NA,NA,NA,NA,NA,NA,NA,NA,NA,NA,NA,NA,NA,NA,NA,NA,NA,NA,NA,NA,NA,NA,Yes,Student's t test; Mann-Whitney,Yes,Methods state unpaired Student's t-test or Mann-Whitney test was used
27,1,2D,Yes,Yes,No,No,3,2,0,0,Plasmids,Plasmids,NA,Cell-based,"viral transduction,cell culture,RNA extraction,qRT-PCR","cell,molecular",1,Core22,NA,NA,3,3,NA,NA,NA,NA,NA,NA,NA,NA,NA,NA,NA,NA,NA,NA,NA,NA,NA,No,NA,Yes,
27,2,3B,Yes,Yes,No,No,3,1,0,0,Plasmids,Plasmids,NA,Cell-based,"viral transduction,cell culture,RNA extraction,qRT-PCR","cell,molecular",1,Core22,NA,NA,3,4,NA,NA,NA,NA,NA,NA,NA,NA,NA,NA,NA,NA,NA,NA,NA,NA,NA,No,NA,Yes,
27,3,"5B,5C,5D,S12",Yes,No,No,No,3,0,0,0,Plasmids,Plasmids,NA,Cell-based,"viral transduction,cell culture,immunofluorescence,microscopy (confocal)","cell,immuno",NA,NA,NA,NA,NA,NA,NA,NA,NA,NA,NA,NA,NA,NA,NA,NA,NA,NA,NA,NA,NA,NA,NA,No,NA,Yes,
28,1,1B,Yes,Yes,Yes,Yes,2,3,2,0,Cells,Cells,Cells,Animal,"cell culture,animal care,animal injection (cells, SC),animal surgery (incision, drug),tissue harvesting,cell isolation,FACS,RNA extraction,qRT-PCR","cell,immuno,animal,molecular",1,CRO16,"1,2,3",Expression of microRNAs in LAPC4 tumor cells,unknown,3,1,Yes,Yes,NA,4,LAPC4 cells did not form tumors (new source obtained from original lab that isolated cells); Gating strategy altered based on few CD44+ cells,5,NA,1,No,NA,No,Yes,No,Yes,No,Yes,No,NA,No,"Original study defined CD44+/CD44- as top 10%/bottom 10%, Replication defined CD44+/CD44- as top 1%/bottom 99%"
28,2,"4A,S4A,S4B,S5C",Yes,Yes,Yes,Yes,2,3,1,0,Cells,Cells,Cells,Animal,"cell culture,animal care,animal injection (cells, SC),animal surgery (incision, drug),tissue harvesting,cell isolation,viral transduction,Western blot assay,RNA extraction,qRT-PCR","cell,immuno,animal,molecular",1,CRO16,"4,5,6",Effect of miR-34a expression on tumor growth and CD44 expression,12,14,14,Yes,Yes,NA,5,LAPC4 cells did not form tumors (new source obtained from original lab that isolated cells); Infection protocol optimized to achieve high transduction efficiency; Unable to detect miR-34a in tumors (performed PCR to detect GFP marker),5,NA,2,No,NA,No,Yes,No,Yes,No,Yes,Yes,Student's t test,Yes,
28,3,4D,No,No,No,Yes,2,5,0,0,Plasmids,Plasmids,Plasmids,Cell-based,"transfection (plasmid, oligo),cell culture,luciferase assay","cell,molecular",1,CRO16,7,Luciferase assay to evaluate putative miR-34a binding sites in the 3'UTR of CD44,3,16,16,Yes,Yes,NA,0,NA,6,NA,3,No,NA,No,No,No,No,No,Yes,Yes,Student's t test,Yes,
28,4,"4E,4F,S12,S1D",Yes,No,No,No,3,3,2,2,Cells,Cells,NA,Animal,"cell culture,animal care,animal injection (cells, SC),animal surgery (incision, drug),tissue harvesting,cell isolation,viral transduction,microscopy (fluorescence),Western blot assay","cell,immuno,animal",NA,NA,NA,NA,NA,NA,NA,NA,NA,NA,NA,NA,NA,NA,NA,NA,NA,NA,NA,NA,NA,NA,NA,Yes,Student's t test,Yes,
29,1,"2A,S11A,S11B",Yes,Yes,Yes,Yes,2,0,0,0,Cells,No,No,Cell-based,"cell culture,cell proliferation/viability assay (Cell Titer 96 Aqueous One)",cell,1,CRO3,"1,2",Cellular I-BET151 dose response curves in MLL-fusion leukaemia and non-MLL-fusion leukaemia cell lines,unknown,3,5,Yes,Yes,NA,1,Range of I-BET151 doses needed to be altered due to solubility of I-BET151,5,NA,1,No,NA,No,No,No,No,No,Yes,No,NA,Yes,Varation across multiple cell lines reported
29,2,3D,Yes,Yes,Yes,Yes,3,0,0,0,Cells,No,No,Cell-based,"cell culture,RNA extraction,qRT-PCR","cell,molecular",1,CRO3,3,BCL2 expression in I-BET151 treated MV4;11 and K-562 cells,3,3,3,Yes,Yes,NA,0,NA,6,NA,2,No,NA,No,No,No,No,No,Yes,No,NA,Yes,
29,3,"4B,4C,4D,S16A,S16B",Yes,Yes,Yes,Yes,4,1,0,0,Cells,No,No,Animal,"cell culture,animal care,animal injection (cells, drug, IV),tissue harvesting,cell isolation,flow cytometry,immunohistochemistry","cell,immuno,animal",1,Core11,"4,5",Survival and tumor burden in I-BET151 treated xenograft mouse model of MLL-fusion leukaemia,10,24,23,Yes,Yes,NA,4,Timecourse between cell injection and animal randomization was extended because detectable disease burden was not achieved; Cell death assay needed to be modified to prevent inability to properly compensate,5,NA,"3,4",No,NA,No,No,No,Yes,No,Yes,Yes,unknown,Yes,
30,1,"1C,S4E",Yes,No,No,No,5,0,0,0,"Organisms,Cells",No,NA,Animal,"animal care,cell isolation,FACS,animal injection (cells, IV),tissue harvesting","cell,immuno,animal",NA,NA,NA,NA,NA,NA,NA,NA,NA,NA,NA,NA,NA,NA,NA,NA,NA,NA,NA,NA,NA,NA,NA,Yes,Student's t test,Yes,
30,2,1D,Yes,No,No,No,3,0,0,0,"Organisms,Cells",No,NA,Animal,"animal care,cell isolation,FACS,animal injection (cells, IV, antibodies),tissue harvesting","cell,immuno,animal",NA,NA,NA,NA,NA,NA,NA,NA,NA,NA,NA,NA,NA,NA,NA,NA,NA,NA,NA,NA,NA,NA,NA,Yes,Student's t test,Yes,
30,3,"2A,2B",Yes,No,No,No,3,0,0,0,"Organisms,Cells",No,NA,Animal,"animal care,cell isolation,FACS,animal injection (cells, IV, antibodies),tissue harvesting,immunohistochemistry","cell,immuno,animal",NA,NA,NA,NA,NA,NA,NA,NA,NA,NA,NA,NA,NA,NA,NA,NA,NA,NA,NA,NA,NA,NA,NA,Yes,Student's t test,Yes,
31,1,"3C,S2",Yes,Yes,Yes,No,2,2,1,0,Cells,Cells,NA,Cell-based,"transfection (siRNA, plasmid),cell culture,luciferase assay,RNA extraction,qRT-PCR","cell,molecular",1,CRO26,NA,NA,3,4,NA,NA,NA,NA,NA,NA,NA,NA,NA,NA,NA,NA,NA,NA,NA,NA,NA,Yes,Student's t test,Yes,Stated in results text describing results
31,2,4B,Yes,Yes,Yes,No,2,2,1,0,Cells,Cells,NA,Cell-based,"transfection (siRNA),cell culture,cell proliferation/viability assay (PrestoBlue)",cell,1,CRO26,NA,NA,3,3,NA,NA,NA,NA,NA,NA,NA,NA,NA,NA,NA,NA,NA,NA,NA,NA,NA,Yes,Fisher's method,Yes,
31,3,4A,Yes,Yes,Yes,No,2,1,1,0,Cells,Cells,NA,Cell-based,"transfection (siRNA, plasmid),cell culture,cell proliferation/viability assay (PrestoBlue),Western blot assay","cell,immuno",1,CRO26,NA,NA,3,5,NA,NA,NA,NA,NA,NA,NA,NA,NA,NA,NA,NA,NA,NA,NA,NA,NA,Yes,Fisher's method,Yes,
32,1,"4C,4D",Yes,No,No,No,4,0,0,0,NA,NA,NA,Cell-based,"cell isolation,cell culture,FACS","cell,immuno",NA,NA,NA,NA,NA,NA,NA,NA,NA,NA,NA,NA,NA,NA,NA,NA,NA,NA,NA,NA,NA,NA,NA,No,NA,Yes,
32,2,"5A,5B(middle,top)",Yes,No,No,No,4,0,0,0,Cells,No,NA,Animal,"viral transduction,cell culture,cell isolation,FACS,animal care,animal injection (cells, mammary fat pad),tissue harvesting","cell,immuno,animal",NA,NA,NA,NA,NA,NA,NA,NA,NA,NA,NA,NA,NA,NA,NA,NA,NA,NA,NA,NA,NA,NA,NA,No,NA,Yes,"5B(bottom), but not 5B(top), 5B(middle), has statistical test reported"
33,1,1D,Yes,No,No,No,3,0,0,0,NA,NA,NA,Cell-based,"transfection (siRNA),cell culture,HPLC,RNA extraction,qRT-PCR","cell,molecular",NA,NA,NA,NA,NA,NA,NA,NA,NA,NA,NA,NA,NA,NA,NA,NA,NA,NA,NA,NA,NA,NA,NA,Yes,Student's t test,Yes,
33,2,3F,Yes,No,No,No,4,0,0,0,Organisms,No,NA,Animal,"animal care,tissue harvesting,radioligand binding assay","animal,molecular",NA,NA,NA,NA,NA,NA,NA,NA,NA,NA,NA,NA,NA,NA,NA,NA,NA,NA,NA,NA,NA,NA,NA,No,NA,No,
33,3,3G,Yes,No,No,No,5,0,0,0,"Cells,Plasmids",No,NA,Cell-based,"cell culture,RNA extraction,qRT-PCR","cell,molecular",NA,NA,NA,NA,NA,NA,NA,NA,NA,NA,NA,NA,NA,NA,NA,NA,NA,NA,NA,NA,NA,NA,NA,Yes,Student's t test,Yes,
33,4,"4C,4D",Yes,No,No,No,2,0,0,0,"Organisms,Cells,Plasmids",No,NA,Animal,"transfection (plasmid),cell culture,cell isolation,animal care,animal injection (cells, SC),tissue harvesting,immunohistochemistry","cell,immuno,animal",NA,NA,NA,NA,NA,NA,NA,NA,NA,NA,NA,NA,NA,NA,NA,NA,NA,NA,NA,NA,NA,NA,NA,Yes,Student's t test,Yes,
33,5,"1E,1F",Yes,No,No,No,3,0,0,0,Antibodies,No,NA,Patient Samples,immunohistochemistry,immuno,NA,NA,NA,NA,NA,NA,NA,NA,NA,NA,NA,NA,NA,NA,NA,NA,NA,NA,NA,NA,NA,NA,NA,Yes,Student's t test,Yes,
34,1,"2I,3B,3C,3E,S8A",Yes,Yes,Yes,Yes,2,4,1,0,Plasmids,Plasmids,Plasmids,Animal,"animal care,animal injection (plasmids, HTV),tissue harvesting,immunohistochemistry","immuno,animal",2,"Core12,CRO17",1,"Percent Nras, p21, and p16-positive cells in wild-type or SCID/beige mouse livers 6 and 30 days after stable delivery of NRAS-G12V or NRAS-G12V/D38A",32,56,NA,Yes,No,Antibody signal could not be reliably detected,4,Animals experienced distress during injection (new plasmids obtained from original authors and pilot conducted to optimize conditions); Antibody staining was highly variable across samples,3,Time/budget constraint prevented further optimization of staining/infection procedures,NA,Yes,Embedded tissue,No,Yes,No,Yes,No,Yes,Yes,Student's t test,Yes,
34,2,4A,Yes,Yes,Yes,Yes,3,5,1,0,Plasmids,Plasmids,Plasmids,Animal,"animal care,animal injection (plasmids, HTV, antibodies, IV),tissue harvesting,immunohistochemistry,cell isolation,FACS","immuno,animal",2,"Core12,CRO17",2,Percent Nras-positive cells in wild-type or CD4-/- mouse livers 12 days after stable delivery of NRAS-G12V or NRAS-G12V/D38A,20,28,NA,Yes,No,Antibody signal could not be reliably detected,4,Animals experienced distress during injection (new plasmids obtained from original authors and pilot conducted to optimize conditions); Antibody staining was highly variable across samples,3,Time/budget constraint prevented further optimization of staining/infection procedures,NA,Yes,Embedded tissue,No,Yes,No,Yes,No,Yes,Yes,Student's t test,Yes,
35,1,"3B,3C,3D",Yes,No,No,No,4,0,0,0,Organisms,No,NA,Animal,"animal care,animal surgery (osmotic minipump, drug),tissue harvesting,immunohistochemistry","immuno,animal",NA,NA,NA,NA,NA,NA,NA,NA,NA,NA,NA,NA,NA,NA,NA,NA,NA,NA,NA,NA,NA,NA,NA,Yes,Log-rank Mantel-Cox test,Yes,
35,2,"3F,3G",Yes,No,No,No,4,0,0,0,Organisms,No,NA,Animal,"animal care,animal surgery (osmotic minipump, drug),tissue harvesting,immunohistochemistry","immuno,animal",NA,NA,NA,NA,NA,NA,NA,NA,NA,NA,NA,NA,NA,NA,NA,NA,NA,NA,NA,NA,NA,NA,NA,Yes,Student's t test,Yes,
36,1,"3A,3B,4M,4N,S6A,S6B",Yes,No,No,No,5,0,0,0,NA,NA,NA,Animal,"animal care,animal injection (antibody, IP),tissue harvesting,immunofluorescence,microscopy (confocal)","immuno,animal",NA,NA,NA,NA,NA,NA,NA,NA,NA,NA,NA,NA,NA,NA,NA,NA,NA,NA,NA,NA,NA,NA,NA,Yes,Biophysical modeling,Yes,Statistical modeling described in Supplemental Materials
36,2,"1D,4B,4C,4D,4E,4G,S7,S8A,S8B,S8C",Yes,No,No,No,4,0,0,0,NA,NA,NA,Animal,"animal care,animal injection (drug, IP),tissue harvesting,immunofluorescence,microscopy (confocal)","immuno,animal",NA,NA,NA,NA,NA,NA,NA,NA,NA,NA,NA,NA,NA,NA,NA,NA,NA,NA,NA,NA,NA,NA,NA,Yes,Biophysical modeling,Yes,Statistical modeling described in Supplemental Materials
37,1,"4C,S16",Yes,Yes,Yes,Yes,3,4,0,0,NA,NA,NA,Cell-based,"cell culture,colony formation assay (Giemsa stain),microscopy (bright-field)",cell,1,CRO18,1,Sensitivity of Ewing's sarcoma cell lines to olaparib,13,12,12,Yes,Yes,NA,0,NA,6,NA,1,No,NA,No,Yes,No,No,No,Yes,No,NA,Yes,
37,2,4E,Yes,Yes,Yes,Yes,3,3,1,0,Cells,Cells,Cells,Cell-based,"cell culture,cell proliferation/viability assay (Syto60)",cell,1,CRO18,2,Olaparib sensitivity in cells transformed with the EWS-FLI1 rearrangement,3,3,3,Yes,Yes,NA,0,NA,6,NA,2,No,NA,No,No,No,No,No,Yes,No,NA,Yes,
37,3,"4F,S20",Yes,Yes,Yes,Yes,4,5,1,0,NA,NA,NA,Cell-based,"transfection (siRNA),cell proliferation/viability assay (Cell Titer 96 Aqueous One),RNA extraction,qRT-PCR","cell,molecular",1,CRO18,3,Olaparib sensitivity after depletion of EWS-FLI1 from A673 cells,3,3,3,Yes,Yes,NA,0,NA,6,NA,3,No,NA,No,No,No,No,No,Yes,No,NA,Yes,
38,1,"1B,1C",Yes,No,No,No,1,4,0,0,NA,NA,NA,Animal,"animal care,animal injection (drug, IP),tissue harvesting,immunofluorescence,microscopy (confocal)","immuno,animal",NA,NA,NA,NA,NA,NA,NA,NA,NA,NA,NA,NA,NA,NA,NA,NA,NA,NA,NA,NA,NA,NA,NA,No,NA,No,
38,2,"3A,3B,3C,3D,3E",Yes,No,No,No,1,4,2,0,NA,NA,NA,Animal,"animal care,animal injection (drug, IP),tissue harvesting,immunofluorescence,microscopy (confocal)","immuno,animal",NA,NA,NA,NA,NA,NA,NA,NA,NA,NA,NA,NA,NA,NA,NA,NA,NA,NA,NA,NA,NA,NA,NA,No,NA,Yes,
38,3,"2D,2E",Yes,No,No,No,2,5,2,0,NA,NA,NA,Animal,"animal care,animal injection (drug, IP),tissue harvesting,cell isolation,FACS,colony formation assay (Matrigel),microscopy (bright-field)","cell,immuno,animal",NA,NA,NA,NA,NA,NA,NA,NA,NA,NA,NA,NA,NA,NA,NA,NA,NA,NA,NA,NA,NA,NA,NA,No,NA,Yes,
39,1,"6A,6B,6C,Table S4",Yes,Yes,Yes,Yes,4,5,2,1,"Antibodies,Cells","Antibodies,Cells","Antibodies,Cells",Animal,"cell culture,animal care,animal injection (cells, mammary fat pads, antibodies),tissue harvesting,hematology analysis,ELISA,immunohistochemistry","cell,immuno,animal,molecular",1,CRO6,1,Tumor weights and blood toxicity of immune competent hosts treated with control or CD47 targeted antibodies,10,14,13,Yes,Yes,NA,1,Number of mice to inoculate was increased,5,NA,"1,2",No,NA,No,No,No,Yes,No,Yes,Yes,unknown,Yes,"Original study analyzed toxicity in different mouse strains and treatment regimen; Replication study blinded hematological analysis, but not tumor caliper measurements, which was the primary end-point"
39,2,"4A,4B,4C",Yes,No,No,No,4,5,2,1,"Antibodies,Plasmids","Antibodies,Plasmids",NA,Animal,"viral transduction,cell culture,cell isolation,flow cytometry,FACS,animal care,animal injection (cells, luciferin, antibodies, IP),IVIS,ELISA","cell,immuno,animal",NA,NA,NA,NA,NA,NA,NA,NA,NA,NA,NA,NA,NA,NA,NA,NA,NA,NA,NA,NA,NA,NA,NA,Yes,unknown,Yes,
40,1,2A,Yes,Yes,Yes,Yes,2,5,1,0,"Cells,Plasmids","Cells,Plasmids","Cells,Plasmids",Cell-based,"cell culture,cell proliferation/viability assay (fluorescence)",cell,1,Core13,"1,2,3","Proliferation of SK-MEL-5 cells treated with PLX4720 with or without conditioned medium from CCD-1090Sk, PC60163A1, or LL86 cells",3,4,NA,Yes,No,Cells did not propogate and were not regenerated in time to conduct experiments,1,Cells shared did not grow so new stable cells needed to be generated,0,Time/budget constraint prevented completion,NA,No,NA,No,NA,No,NA,No,Yes,No,NA,Yes,
40,2,2C,Yes,Yes,Yes,Yes,1,5,1,0,"Cells,Plasmids","Cells,Plasmids","Cells,Plasmids",Cell-based,"cell culture,cell proliferation/viability assay (fluorescence)",cell,1,Core13,"1,2,4",Proliferation of SK-MEL-5 cells treated with PLX4720 + HGF or PD184352 + HGF,3,3,NA,No,NA,NA,NA,NA,NA,NA,NA,No,NA,No,NA,No,NA,No,Yes,No,NA,Yes,
40,3,"2D,S11",Yes,Yes,Yes,Yes,1,5,1,0,"Cells,Plasmids","Cells,Plasmids","Cells,Plasmids",Cell-based,"cell culture,cell proliferation/viability assay (fluorescence)",cell,1,Core13,"1,2,5","Proliferation of SK-MEL-5 cells co-cultured with or without LL86 or CCD-1090Sk cells and treated with crizotinib, PHA-665752, PLX4720, and/or PD184352",3,6,NA,No,NA,NA,NA,NA,NA,NA,NA,No,NA,No,NA,No,NA,No,Yes,No,NA,Yes,
40,4,"4C,S19",Yes,Yes,Yes,Yes,1,5,0,0,"Cells,Plasmids","Cells,Plasmids","Cells,Plasmids",Cell-based,"cell culture,Western blot assay","cell,immuno",1,Core13,6,"pAKT, pERK, and pMET levels in SK-MEL-5 cells treated with PD184352, PLX4720, and/or HGF",3,6,NA,No,NA,NA,NA,NA,NA,NA,NA,No,NA,No,NA,No,NA,No,Yes,No,NA,Yes,
41,1,S7,Yes,Yes,Yes,Yes,1,5,0,0,Organisms,Organisms,Organisms,Recombinant,"bacterial cell culture,genomic DNA extraction,qPCR,sequencing","cell,molecular",1,Core14,"1,2",Impact of pks island deletion on bacterial growth,unknown,3,3,Yes,Yes,NA,0,NA,6,NA,1,No,NA,No,No,No,No,No,No,No,NA,No,
41,2,"4A(right),4B(right),4C,4B,4D,4E,S10",Yes,Yes,Yes,Yes,2,5,0,0,Organisms,Organisms,Organisms,Animal,"bacterial cell culture,animal care,genomic DNA extraction,qPCR,sequencing,animal injection (drug, IP),tissue harvesting,immunohistochemistry","cell,animal,molecular",1,Core14,3,"Survival, inflamation, neoplasia, and tumor invasion of germ-free Il10-/- mice mono-associated with E.coli NC101 or NC101deltapks",20,30,84,Yes,Partial,"Timeline was longer than original so inflamation, neoplasia, and tumor invasion are not comparable to original",2,"Difficulty in obtaining enough animals for end of experiment analysis, which turned out to be miscommunication about the timeline (replication was longer than original study)",4,NA,"2,3",No,NA,No,No,No,Yes,No,Yes,Yes,Log-rank Mantel-Cox test; Student's t test,Yes,"Outcomes that included blinding in both original and replication (i.e., histopatholgy scoring) was not evaluated in replication (only survival curves were)"
42,1,"4A,S1C(right),S5A",Yes,Yes,Yes,Yes,3,5,2,0,Cells,Cells,Cells,Cell-based,"viral transduction,cell culture,microscopy (fluorescence),exosome purification and analysis (ultracentrifugation, nanoparticle analysis system),Western blot assay","cell,immuno",2,"Core15,CRO19","1,2",MET and pMET expression in exosomes,2,3,4,Yes,Partial,pMET could not be reliabilty detected in exosomes,4,"Low expresssion of Met in shScr cells required optimization of MOI for generation of stable cells (additional experiment to confirm shMet expression in shMet cells); Inability to detect pMet required optimization of lysis and Western blot (e.g., phosphatase inhibitors, different antibody)",4,NA,1,Yes,"Cells,Exosomes",No,No,No,No,No,Yes,No,NA,Yes,
42,2,4E,Yes,Yes,Yes,Yes,3,5,2,0,Cells,Cells,Cells,Animal,"viral transduction,cell culture,microscopy (fluorescence),exosome purification and analysis (ultracentrifugation, nanoparticle analysis system),animal care,animal injection (exosomes, cells, luciferin, IV, SC, retro-orbital),IVIS","cell,immuno,animal",2,"Core15,CRO19",3,Exosome-dependent Met signaling on primary tumor growth and metastasis,21,21,19,Yes,Yes,NA,1,Change in timeline (shortened 3 days) due to animal distress/death,5,NA,2,Yes,"Cells,Exosomes",No,No,No,Yes,No,Yes,Yes,between-subjects ANOVA,Yes,
42,3,4F,Yes,No,No,No,2,5,2,0,NA,NA,NA,Patient Samples,"exosome purification and analysis (ultracentrifugation, nanoparticle analysis system),multiplex protein assay","immuno,molecular",NA,NA,NA,NA,NA,NA,NA,NA,NA,NA,NA,NA,NA,NA,NA,NA,NA,NA,NA,NA,NA,NA,NA,Yes,between-subjects ANOVA,Yes,
43,1,"3A,3B,S13",Yes,Yes,Yes,Yes,5,5,0,0,Organisms,Organisms,Organisms,Animal,"animal care,tissue harvesting,immunohistochemistry","immuno,animal",3,"CRO20,Core16,CRO21",1,Tumor weight and number of pulmonary macrometastases of MMTV-PyMT+/tg; Postn+/+ or MMTV-PyMT+/tg; Postn-/- mice,35,29,NA,Yes,No,Not enough animals of the appropriate genotypes were generated,1,Not enough animals of the appropriate genotypes were generated with attempted breeding strategy,0,Time/budget constraint prevented completion,NA,Yes,Genomic DNA,No,NA,No,NA,No,Yes,Yes,Student's t test,Yes,
43,2,2H,Yes,Yes,Yes,Yes,3,5,0,0,Organisms,Organisms,Organisms,Animal,"animal care,tissue harvesting,cell isolation,FACS,RNA extraction,qRT-PCR","cell,immuno,animal,molecular",1,CRO20,2,"POSTN expression in CD34+/CD31- pulmonary fibroblasts, CD31+ endothelial cells, and CD45+ immune cells from pulmonary macrometastases of MMTV-PyMT+/tg; Postn+/+ mice",9,18,NA,Yes,No,Not enough animals of the appropriate genotypes were generated,1,Not enough animals of the appropriate genotypes were generated with attempted breeding strategy,0,Time/budget constraint prevented completion,NA,No,NA,No,NA,No,NA,No,Yes,No,NA,Yes,
43,3,"1A,S32",Yes,No,No,No,4,5,0,0,Organisms,Organisms,NA,Animal,"animal care,tissue harvesting,cell isolation,FACS","cell,immuno,animal",NA,NA,NA,NA,NA,NA,NA,NA,NA,NA,NA,NA,NA,NA,NA,NA,NA,NA,NA,NA,NA,NA,NA,No,NA,Yes,
44,1,"3B,S6",Yes,Yes,Yes,Yes,2,5,2,0,"Cells,Plasmids","Cells,Plasmids","Cells,Plasmids",Animal,"viral transduction,cell culture,Western blot assay,animal care,animal injection (cells, SC),tissue harvesting,immunohistochemistry","cell,immuno,animal",3,"CRO6,CRO7,CRO22","1,2,3",Impact of PREX2 isoforms on tumor-free survival,40,43,43,Yes,Yes,NA,0,NA,6,NA,"1,2,3",Yes,Cells,No,No,No,No,No,Yes,Yes,Student's t test,Yes,"Replication study blinded histopathology analysis, but not tumor caliper measurements, which was the primary end-point"
45,1,2A,Yes,No,No,No,2,5,0,0,NA,NA,NA,Cell-based,"cell culture,colony formation assay (Crystal violet),microscopy (bright-field)",cell,NA,NA,NA,NA,NA,NA,NA,NA,NA,NA,NA,NA,NA,NA,NA,NA,NA,NA,NA,NA,NA,NA,NA,No,NA,No,
45,2,2B,Yes,No,No,No,3,5,0,0,NA,NA,NA,Cell-based,"cell culture,Western blot assay","cell,immuno",NA,NA,NA,NA,NA,NA,NA,NA,NA,NA,NA,NA,NA,NA,NA,NA,NA,NA,NA,NA,NA,NA,NA,No,NA,No,
45,3,"3D,3E",Yes,No,No,No,3,5,0,0,Plasmids,Plasmids,NA,Cell-based,"viral transduction,cell culture,colony formation assay (Crystal violet),microscopy (bright-field),Western blot assay","cell,immuno",NA,NA,NA,NA,NA,NA,NA,NA,NA,NA,NA,NA,NA,NA,NA,NA,NA,NA,NA,NA,NA,NA,NA,No,NA,No,
45,4,4C,Yes,No,No,No,2,0,0,0,NA,NA,NA,Animal,"viral transduction,animal care,animal injection (cells, SC)","cell,animal",NA,NA,NA,NA,NA,NA,NA,NA,NA,NA,NA,NA,NA,NA,NA,NA,NA,NA,NA,NA,NA,NA,NA,No,NA,Yes,
46,1,2B,Yes,Yes,Yes,Yes,2,1,0,0,NA,NA,NA,Cell-based,"cell culture,cell proliferation/viability assay (Syto60)",cell,1,Core17,1,"Inhibition of A204, M14, or KHM-S3 cell proliferation when treated with primary kinase inhibitor, primary kinase inhibitor + ligand, and primary kinase inhibitor + ligand + secondary kinase inhibitor",unknown,3,NA,Yes,No,Viability assay could not be reliably performed,1,Drug conditions needed to be optimized to ensure positive controls respond,0,Time/budget constraint prevented further optimization of cell viability assay,NA,No,NA,No,NA,No,NA,No,Yes,No,NA,No,
46,2,2C,Yes,Yes,Yes,Yes,2,1,0,0,NA,NA,NA,Cell-based,"cell culture,Western blot assay","cell,immuno",1,Core17,2,"Phosphorylated kinase levels of primary kinase in A204, M14, or KHM-S3 cells treated with primary kinase inhibitor, primary kinase inhibitor + ligand, or primary kinase inhibitor + ligand + secondary kinase",unknown,3,NA,Yes,No,Western blots/drug conditions could not be reliably performed,1,Drug conditions needed to be optimized to ensure positive controls respond,0,Time/budget constraint prevented further optimization of drug conditions,NA,No,NA,No,NA,No,NA,No,Yes,No,NA,No,
46,3,2A,Yes,No,No,No,2,1,0,0,NA,NA,NA,Cell-based,"cell culture,Western blot assay","cell,immuno",NA,NA,NA,NA,NA,NA,NA,NA,NA,NA,NA,NA,NA,NA,NA,NA,NA,NA,NA,NA,NA,NA,NA,No,NA,No,
47,1,"1B,S1",Yes,Yes,Yes,Yes,2,0,0,0,Plasmids,No,No,Cell-based,"transfection (plasmid),cell culture,histone extraction,Western blot assay,metabolite extraction,GC-MS","cell,immuno",2,"Core18,Core22",1,"Methylation status and 2HG production in 293T cells expressing IDH1-WT, IDH1-R132H,IDH2-WT, or IDH2-R172K",3,6,6,Yes,Yes,NA,2,Lysis conditions needed to be optimized to enable Western blot analysis,5,NA,NA,No,NA,No,No,No,No,No,Yes,Yes,Correlation,Yes,
47,2,"2A,2B,2D",Yes,Yes,Yes,Yes,4,0,0,0,Plasmids,No,No,Cell-based,"viral transduction,cell culture,Western blot assay,metabolite extraction,GC-MS,differentation assay (Oil-Red-O),RNA extraction,qRT-PCR","cell,immuno,molecular",2,"Core18,Core22",2,Differentation and 2HG production in 3T3-L1 cells expressing IDH2-WT or IDH2-R172K,3,5,5,Yes,Partial,Differentation did not occur during experimentation despite occurring during pilot,3,Differentation needed to be optimized since it did not occur during experimentation despite occuring during pilot,0,Time/budget constraint prevented further optimization of differentation assay,NA,No,NA,No,No,No,No,No,Yes,Yes,Student's t test,Yes,
47,3,"4D,S8",Yes,Yes,Yes,Yes,2,0,0,0,NA,NA,NA,Cell-based,"transfection (siRNA),cell culture,differentation assay (Oil-Red-O),Western blot assay","cell,immuno",1,Core22,3,Methylation status and differentation in 3T3-L1 cells depleted of KDM4C,3,3,NA,Yes,No,Differentation did not occur during experimentation despite occurring during pilot; knockdown was not reliable,4,Differentation needed to be optimized since it did not occur during experimentation despite occuring during pilot; Knockdown conditions needed to be optimized since knockdown was not reliable,0,Time/budget constraint prevented further optimization of differentation assay and knockdown conditions,NA,No,NA,No,NA,No,NA,No,Yes,No,NA,Yes,
47,4,"3F,S6",Yes,No,No,No,5,0,0,0,"Organisms,Cells,Antibodies",No,NA,Cell-based,"animal care,tissue harvesting,cell isolation,viral transduction,cell culture,Western blot assay","cell,immuno,animal",NA,NA,NA,NA,NA,NA,NA,NA,NA,NA,NA,NA,NA,NA,NA,NA,NA,NA,NA,NA,NA,NA,NA,No,NA,No,
47,5,1C,Yes,No,No,No,4,0,0,0,NA,NA,NA,Patient Samples,immunohistochemistry,immuno,NA,NA,NA,NA,NA,NA,NA,NA,NA,NA,NA,NA,NA,NA,NA,NA,NA,NA,NA,NA,NA,NA,NA,Yes,Student's t test,Yes,
48,1,"1B,3E",Yes,Yes,Yes,Yes,1,5,2,0,Cells,Cells,Cells,Cell-based,"cell culture,cell counting assay (C-chip),Western blot assay,RNA extraction,RNA gel electrophoresis","cell,immuno,molecular",1,Core13,"1,2",Induction of c-Myc in P493-6 cells and impact on total RNA levels,3,3,3,Yes,Yes,NA,1,Cell number needed to be optimized to enable sufficient number for assays,5,NA,1,No,NA,No,No,No,No,No,Yes,No,NA,Yes,
48,2,"3F,Table S1",Yes,Yes,Yes,Yes,1,5,3,2,Cells,Cells,Cells,Cell-based,"cell culture,cell counting assay (C-chip),NanoString hybridization and analysis","cell,molecular",2,"Core13,Core19","1,3,4",Digital gene expression analsysis in P493-6 cells,1269,1336,1292,Yes,Yes,NA,0,NA,6,NA,2,Yes,Cell lysate,No,No,No,No,No,Yes,Yes,Mann-Whitney,Yes,Code shared by authors after Registered Report published
49,1,"1H,1E",Yes,No,No,No,2,0,0,0,NA,NA,NA,Cell-based,"transfection (siRNA),cell culture,Western blot assay,flow cytometry","cell,immuno",NA,NA,NA,NA,NA,NA,NA,NA,NA,NA,NA,NA,NA,NA,NA,NA,NA,NA,NA,NA,NA,NA,NA,No,NA,Yes,
49,2,"6D,6F",Yes,No,No,No,2,0,0,0,NA,NA,NA,Cell-based,"transfection (siRNA),cell culture,Western blot assay,flow cytometry","cell,immuno",NA,NA,NA,NA,NA,NA,NA,NA,NA,NA,NA,NA,NA,NA,NA,NA,NA,NA,NA,NA,NA,NA,NA,No,NA,Yes,
49,3,7C,Yes,No,No,No,4,0,0,0,NA,NA,NA,Animal,"cell culture,animal care,animal injection (cells, drug, SC, IP)","cell,animal",NA,NA,NA,NA,NA,NA,NA,NA,NA,NA,NA,NA,NA,NA,NA,NA,NA,NA,NA,NA,NA,NA,NA,No,NA,Yes,
50,1,2,Yes,Yes,Yes,Yes,1,0,0,0,NA,NA,NA,Patient Samples,"genomic DNA extraction,qPCR",molecular,2,"CRO23,CRO24",1,Relative abundance of F. nucleatum by qPCR in colorectal carcinoma versus adjacent normal biopsies,99,40,40,Yes,Yes,NA,3,Increased amount of total RNA for PCR assay; Re-purified genomic DNA; Sequenced PCR products,5,NA,"1,2",Yes,Genomic DNA,No,No,No,No,No,Yes,Yes,paired t test,Yes,
51,1,"3A,3B,3C",Yes,No,No,No,4,0,0,0,NA,NA,NA,Cell-based,"transfection (siRNA),cell culture,mitotic shake-off assay,immunofluorescence,microscopy (confocal)","cell,immuno",NA,NA,NA,NA,NA,NA,NA,NA,NA,NA,NA,NA,NA,NA,NA,NA,NA,NA,NA,NA,NA,NA,NA,No,NA,Yes,
51,2,"3D,3E",Yes,No,No,No,3,0,0,0,NA,NA,NA,Cell-based,"transfection (siRNA),cell culture,mitotic shake-off assay,immunofluorescence,microscopy (confocal)","cell,immuno",NA,NA,NA,NA,NA,NA,NA,NA,NA,NA,NA,NA,NA,NA,NA,NA,NA,NA,NA,NA,NA,NA,NA,No,NA,Yes,
51,3,"5A,5D,5I,S11B,S11C,S11E",Yes,No,No,No,3,0,0,0,NA,NA,NA,Cell-based,"transfection (siRNA),cell culture,mitotic shake-off assay,immunofluorescence,microscopy (confocal),spectral karyotyping","cell,immuno",NA,NA,NA,NA,NA,NA,NA,NA,NA,NA,NA,NA,NA,NA,NA,NA,NA,NA,NA,NA,NA,NA,NA,No,NA,Yes,
52,1,"2C,2D,S1",Yes,No,No,No,3,5,1,0,"Cells,Plasmids","Cells,Plasmids",NA,Cell-based,"viral transduction,cell culture,RNA extraction,qRT-PCR,migration assay (transwell)","cell,molecular",NA,NA,NA,NA,NA,NA,NA,NA,NA,NA,NA,NA,NA,NA,NA,NA,NA,NA,NA,NA,NA,NA,NA,Yes,Student's t test,Yes,
52,2,"2I,2J",Yes,No,No,No,3,5,1,0,"Cells,Plasmids","Cells,Plasmids",NA,Cell-based,"viral transduction,cell culture,transfection (plasmid),luciferase assay","cell,molecular",NA,NA,NA,NA,NA,NA,NA,NA,NA,NA,NA,NA,NA,NA,NA,NA,NA,NA,NA,NA,NA,NA,NA,Yes,Student's t test,Yes,
52,3,"3F,3G",Yes,No,No,No,3,5,1,0,"Cells,Plasmids","Cells,Plasmids",NA,Cell-based,"viral transduction,cell culture,transfection (siRNA, plasmid),migration assay (transwell)",cell,NA,NA,NA,NA,NA,NA,NA,NA,NA,NA,NA,NA,NA,NA,NA,NA,NA,NA,NA,NA,NA,NA,NA,Yes,Student's t test,Yes,
52,4,"4A,4H",Yes,No,No,No,1,5,1,0,"Cells,Plasmids","Cells,Plasmids",NA,Cell-based,"viral transduction,cell culture,ELISA","cell,immuno",NA,NA,NA,NA,NA,NA,NA,NA,NA,NA,NA,NA,NA,NA,NA,NA,NA,NA,NA,NA,NA,NA,NA,Yes,Student's t test,Yes,
52,5,4M,Yes,No,No,No,5,5,1,1,"Cells,Plasmids","Cells,Plasmids",NA,Animal,"viral transduction,cell culture,animal care,animal injection (cells, intrasplenic, luciferin, retro-orbital),IVIS","cell,animal",NA,NA,NA,NA,NA,NA,NA,NA,NA,NA,NA,NA,NA,NA,NA,NA,NA,NA,NA,NA,NA,NA,NA,Yes,unknown,Yes,Figure legend does not indicate the test for this figure
53,1,2C,Yes,Yes,No,No,3,5,0,1,NA,NA,NA,Cell-based,"cell culture,metabolite extraction,GC-MS","cell,molecular",1,Core18,NA,NA,3,3,NA,NA,NA,NA,NA,NA,NA,NA,NA,NA,NA,NA,NA,NA,NA,NA,NA,Yes,unknown,Yes,
53,2,"1C,1D,S10A,S10C",Yes,Yes,No,No,2,5,0,0,NA,NA,NA,Cell-based,"viral transduction,cell culture,metabolite extraction,GC-MS,Western blot assay","cell,immuno,molecular",1,Core18,NA,NA,3,3,NA,NA,NA,NA,NA,NA,NA,NA,NA,NA,NA,NA,NA,NA,NA,NA,NA,Yes,unknown,Yes,
53,3,3D,Yes,Yes,No,No,2,4,0,0,NA,NA,NA,Cell-based,"cell culture,metabolite extraction,GC-MS","cell,molecular",1,Core18,NA,NA,3,3,NA,NA,NA,NA,NA,NA,NA,NA,NA,NA,NA,NA,NA,NA,NA,NA,NA,Yes,unknown,Yes,
53,4,"4A,4B",Yes,Yes,No,No,2,3,0,0,Cells,Cells,NA,Cell-based,"cell culture,metabolite extraction,GC-MS","cell,molecular",1,Core18,NA,NA,3,3,NA,NA,NA,NA,NA,NA,NA,NA,NA,NA,NA,NA,NA,NA,NA,NA,NA,Yes,unknown,Yes,
53,5,"4C,4D",Yes,Yes,No,No,2,3,0,0,NA,NA,NA,Cell-based,"cell culture,metabolite extraction,GC-MS,Western blot assay","cell,molecular",1,Core18,NA,NA,3,3,NA,NA,NA,NA,NA,NA,NA,NA,NA,NA,NA,NA,NA,NA,NA,NA,NA,Yes,unknown,Yes,
54,1,2,Yes,No,No,No,5,0,0,0,Plasmids,No,NA,Recombinant,"preparation of recombinant protein,Western blot assay,enzyme assay (methylation)","immuno,molecular",NA,NA,NA,NA,NA,NA,NA,NA,NA,NA,NA,NA,NA,NA,NA,NA,NA,NA,NA,NA,NA,NA,NA,No,NA,Yes,