Study Num,Study Title (O),Authors (O),Journal (O),Volume (O),Pages (O),Year (O),Study Reference (O),Test statistic type (O),Test statistic (O),N (O),Number of individuals (O),P-value (O),Effect size r (O),"Effect size r, 95% CI lower (O)","Effect size r, 95% CI upper (O)","Small-telescopes effect size, 33% power (O)",Test statistic type (R),Test statistic (R),N (R),Number of individuals (R),P-value (R),Effect size r (R),"Effect size r, 95% CI lower (R)","Effect size r, 95% CI upper (R)",Power (R),Replicate (R),Meta-analysis significant,Effect size > small telescope threshold (R),Effect size within prediction interval (R),Replication Bayes factor > 1 (R),Target N for 75% power (R),Target N for 50% power (R)
1,Incidental haptic sensations influence social judgments and decisions,"Ackerman, J. M., Nocera, C. C. & Bargh, J. A.",Science,328,1712-1715,2010,(36),"F(1,52)",4.08,54,54,0.048559953,0.26972803,0.002120639,0.50128454,0.2091,t(597),1.5351,599,599,0.12528904,0.062703826,-0.017495269,0.14210123,0.90379256,no,1,0,1,0,259,593
2,"Body cues, not facial expressions, discriminate between intense positive and negative emotions","Aviezer, H., Trope, Y. & Todorov, A.",Science,338,1225-1229,2012,(37),t(14),13.07,15,15,3.101734e-09,0.9613806,0.8849255,0.9873793,0.4041,t(13),5.342,14,14,0.0001338223,0.8288702,0.5324542,0.9442055,0.9302695,yes,1,1,1,1,14,41
3,Affirmative action policies promote women and do not harm efficiency in the laboratory,"Balafoutas, L. & Sutter, M.",Science,335,579-582,2012,(38),Chi2(1),5.62,72,72,0.017756648,0.27788922,0.04940101,0.47873753,0.1808,Chi2(1),5.2199,243,243,0.022329835,0.14641742,0.020959193,0.26733595,0.8975686,yes,1,1,1,1,246,561
4,Experimental evidence for the influence of group size on cultural complexity,"Derex, M., Beugin, M.-P., Godelle, B. & Raymond, M.",Nature,503,389-391,2013,(39),Chi2(1),16.3,51,366,5.4063952e-05,0.5246525,0.29116744,0.6991492,0.2152,Chi2(1),8.8337,65,482,0.0029571822,0.36050302,0.12784484,0.5555543,0.9020266,yes,1,1,1,1,65,155
5,Memory's penumbra: episodic memory decisions induce lingering mnemonic biases,"Duncan, K., Sadanand, A. & Davachi, L.",Science,337,485-487,2012,(40),t(14),3.41,15,15,0.00422795,0.67359084,0.24632318,0.8816392,0.4041,t(91),4.6276,92,92,1.2224008e-05,0.43645984,0.25438288,0.5886547,0.90620846,yes,1,1,1,1,36,92
6,Analytic thinking promotes religious disbelief,"Gervais, W. M. & Norenzayan, A.",Science,336,493-496,2012,(41),t(55),2.24,57,57,0.029151877,0.28914034,0.03090077,0.5111943,0.2034,t(529),-0.8153,531,531,0.41526753,-0.035470117,-0.120197564,0.049770325,0.9100293,no,0,0,0,0,224,514
7,Avoiding overhead aversion in charity,"Gneezy, U., Keenan, E. A. & Gneezy, A.",Science,346,632-635,2014,(42),z,3.0,178,178,0.002699796,0.2229694,0.07845776,0.3583034,0.1147,z,3.7064,407,407,0.0002102262,0.18233825,0.08667044,0.27467388,0.921741,yes,1,1,1,1,376,853
8,Cooperating with the future,"Hauser, O. P., Rand, D. G., Peysakhovich, A. & Nowak, M. A.",Nature,511,220-223,2014,(43),t(38),8.696,40,200,1.4272976e-10,0.8158144,0.6761334,0.8988863,0.2434,t(20),6.7082,22,110,1.5798449e-06,0.83205014,0.6322263,0.92808646,0.91878766,yes,1,1,1,1,22,59
9,Lab experiments for the study of social-ecological systems,"Janssen, M. A., Holahan, R., Lee, A. & Ostrom, E.",Science,328,613-617,2010,(44),z,5.761,63,105,8.361704e-09,0.6314006,0.45478103,0.7602352,0.1934,z,2.2383,42,70,0.025201498,0.34381703,0.044539947,0.5864647,0.90232056,yes,1,1,1,1,42,104
10,Retrieval practice produces more learning than elaborative studying with concept mapping,"Karpicke, J. D. & Blunt, J. R.",Science,331,772-775,2011,(45),"F(1,38)",21.63,40,40,3.9268718e-05,0.6022764,0.35791767,0.76942945,0.2434,t(48),2.8825,49,49,0.0058860765,0.3841326,0.11540128,0.6004685,0.9221244,yes,1,1,1,1,47,114
11,Reading literary fiction improves theory of mind,"Kidd, D. C. & Castano, E.",Science,342,377-380,2013,(46),"F(1,82)",6.4,86,86,0.013326087,0.2690691,0.06065147,0.455005,0.1653,"F(1,710)",-0.527,714,714,0.46811008,-0.027254447,-0.10042592,0.04621026,0.94262993,no,0,0,0,0,263,601
12,The social sense: susceptibility to others' beliefs in human infants and adults,"Kovács, Á. M., Téglás, E. & Endress, A. D.",Science,330,1830-1834,2010,(47),t(23),2.42,24,24,0.023826132,0.45049948,0.05756384,0.72258145,0.3162,t(94),7.0152,95,95,3.4974035e-10,0.586204,0.43619543,0.7045122,0.92331564,yes,1,1,1,1,89,209
13,Washing away postdecisional dissonance,"Lee, S. W. S. & Schwarz, N.",Science,328,709,2010,(48),"F(1,38)",6.74,40,40,0.013330429,0.38813424,0.08716362,0.6241761,0.2434,"F(1,284)",-0.6081,286,286,0.43615347,-0.046322692,-0.1614388,0.070037045,0.9013851,no,0,0,0,0,123,286
14,Thought for food: imagined consumption reduces actual consumption,"Morewedge, C. K., Huh, Y. E. & Vosgerau, J.",Science,330,1530-1533,2010,(49),t(30),2.784,32,32,0.009205938,0.45311347,0.12401335,0.6924083,0.2728,t(87),3.5384,89,89,0.0006485627,0.3546918,0.15811451,0.5242256,0.903686,yes,1,1,1,1,89,211
15,Inequality and visibility of wealth in experimental social networks,"Nishi, A., Shirado, H., Rand, D. G. & Christakis, N. A.",Nature,526,426-429,2015,(50),t(198),2.881,200,366,0.004401038,0.2005827,0.06361194,0.33013633,0.1082,t(478),2.5543,480,792,0.010949132,0.11604169,0.02681978,0.20342937,0.91152465,yes,1,1,1,1,462,1048
16,Why testing improves memory: mediator effectiveness hypothesis,"Pyc, M. A. & Rawson, K. A.",Science,330,335,2010,(51),t(34),2.37,36,36,0.023603488,0.37653738,0.054778013,0.6274534,0.2569,t(304),2.6404,306,306,0.008708439,0.14973016,0.03824874,0.2575302,0.90116566,yes,1,0,1,1,132,306
17,Writing about testing worries boosts exam performance in the classroom,"Ramirez, G. & Beilock, S. L.",Science,331,211-213,2011,(52),"F(1,18)",30.53,20,20,3.0215393e-05,0.7931554,0.5402588,0.91464645,0.3475,"F(1,77)",-0.7352,79,131,0.39386377,-0.09818399,-0.31250995,0.12565431,0.9486367,no,0,0,0,0,25,66
18,Spontaneous giving and calculated greed,"Rand, D. G., Greene, J. D. & Nowak, M. A.",Nature,489,427-430,2012,(53),z,2.617,343,343,0.008870634,0.14098142,0.035617713,0.2432454,0.0826,z,1.1912,2136,2136,0.23357508,0.025786534,-0.016643992,0.068124354,0.9013021,no,1,0,0,0,942,2127
19,Some consequences of having too little,"Shah, A. K., Mullainathan, S. & Shafir, E.",Science,338,682-685,2012,(54),"F(1,54)",4.16,56,56,0.046294663,0.267445,0.00488816,0.4955058,0.2053,"F(1,617)",-0.1389,619,619,0.709505,-0.01500574,-0.09370039,0.06387525,0.90845823,no,0,0,0,0,263,602
20,Google effects on memory: cognitive consequences of having information at our fingertips,"Sparrow, B., Liu, J. & Wegner, D. M.",Science,333,776-778,2011,(55),t(68),3.26,69,69,0.0017421179,0.36764622,0.14344758,0.555951,0.1847,t(233),0.7579,234,234,0.44927672,0.04959059,-0.079158895,0.17671278,0.80730575,no,1,0,0,0,133,308
21,Just think: the challenges of the disengaged mind,"Wilson, T. D. et al.",Science,345,75-77,2014,(56),t(28),4.83,30,30,4.4143864e-05,0.67416495,0.41459227,0.83228743,0.2819,t(37),4.4867,39,39,6.800172e-05,0.5935989,0.3421664,0.76570636,0.9301851,yes,1,1,1,1,36,91
